productId,productName,supplierName,rank,unitPrice,currentStock,avgDailySales,stockDays,currentOrder,currentOrderAmount,rankOrder,rankOrderAmount,coefficient,coverDays,isStockout,isActive
6429,go! MUFFINS go! マフィン,go! MUFFINS go!,A,460,12,11.2,1.0714285714285714,100,46000,130,59800,1.3,10,False,True
9352218006711,有機JAS認証 生姜百景-GINGER SHOT- 50ml,後藤製菓,A,540,6,6.73,0.8915304606240713,62,33480,79,42660,1.3,10,False,True
9352218003433,麻婆ソース 105gx2袋,かかん,A,1240,40,2.67,14.981273408239701,0,0,0,0,1.3,10,False,True
9352218006713,有機JAS 発酵ジンジャーシロップ 200ml,後藤製菓,A,1250,2,2.33,0.8583690987124464,22,27500,27,33750,1.3,10,False,True
9352218006386,きのね堂クッキー缶,きのね堂,A,4200,1,0.67,1.4925373134328357,6,25200,7,29400,1.3,10,False,False
14317,シルクスイート ひとくち 100g,クロサワファーム,A,560,13,4.6,2.8260869565217392,33,18480,42,23520,1.3,10,False,True
9352218002612,m平干し芋(小),グリーンネットワーク,A,790,0,3.17,0.0,32,25280,41,32390,1.3,10,True,True
11073,(各種)ボール,きのね堂,A,620,0,3.97,0.0,40,24800,51,31620,1.3,10,True,True
8596,純天然のアルカリイオン水 金城の華 500ml,オーサワジャパン常温,A,150,106,15.93,6.654111738857502,54,8100,69,10350,1.3,10,False,True
9352218002798,m金柑,ゆうき八百屋/温市/グリーンネットワーク,A,840,0,2.73,0.0,28,23520,35,29400,1.3,10,True,True
14316,べにはるか ひとくち 100g,クロサワファーム,A,560,59,3.53,16.71388101983003,0,0,0,0,1.3,10,False,True
14450,go! MUFFINS go! スコーン,go! MUFFINS go!,A,420,0,4.33,0.0,44,18480,56,23520,1.3,10,True,True
14113,紅はるかチップス（シュガー＆ソルト）80g,風と土,A,650,6,2.7,2.222222222222222,21,13650,27,17550,1.3,10,False,True
9352218003353,三年熟成 そのまんま梅の床250g,てらがき農園,A,1880,9,0.87,10.344827586206897,0,0,0,0,1.3,10,False,False
9352218006359,mりんご,ゆうき八百屋/温市/グリーンネットワーク,A,320,0,4.63,0.0,47,15040,60,19200,1.3,10,True,True
9352218002431,オーガニック ビアンコ 白 500ml,アルコール.ゆうき八百屋,A,880,9,1.63,5.521472392638037,8,7040,9,7920,1.3,10,False,True
15972,cocono ココナッツヨーグルト 380g,cocono,A,990,13,1.43,9.090909090909092,2,1980,1,990,1.3,10,False,True
11581,go! MUFFINS go! チョコチップクッキー 1枚,go! MUFFINS go!,A,420,29,3.27,8.868501529051988,4,1680,4,1680,1.3,10,False,True
14114,紫芋チップス（ブラックペッパー＆ソルト）80g,風と土,A,650,7,2.0,3.5,13,8450,16,10400,1.3,10,False,True
9352218002027,塩だけでつくる熟成ビーフジャーキー 12g,ニックジャーキー,A,750,20,1.73,11.560693641618498,0,0,0,0,1.3,10,False,True
12002,甲州韮崎ハイボール 350ml,日本酒類販売,A,290,227,4.17,54.436450839328536,0,0,0,0,1.3,10,False,True
9352218003032,グラノーラクッキー 1枚,go! MUFFINS go!,A,420,54,2.87,18.81533101045296,0,0,0,0,1.3,10,False,True
14344,クラタペッパー＆木桶仕込醤油カシュー 160g,田地商店,A,790,28,1.47,19.047619047619047,0,0,0,0,1.3,10,False,True
9352218003106,ほたるいか素干し(醤油干し) 35g,つりや,A,670,17,1.73,9.826589595375722,1,670,1,670,1.3,10,False,True
9339709006691,くりほうじ茶 350ml,パーソナルコンタクト,A,160,114,7.17,15.899581589958158,0,0,0,0,1.3,10,False,True
9352218002073,黒豆茶 350ml,パーソナルコンタクト,A,160,84,6.67,12.593703148425787,0,0,0,0,1.3,10,False,True
9352218002915,m白菜漬け,ゆうき八百屋/温市/グリーンネットワーク,A,380,6,2.77,2.1660649819494586,22,8360,28,10640,1.3,10,False,True
9352218001695,ワイルドフォーク ピノノワール 750ml,アルコール.ゆうき八百屋,A,3480,0,0.3,0.0,3,10440,3,10440,1.3,10,True,True
9352218001907,ワイルドフォーク ナチュラル シャルドネ 白 750ml,アルコール.ゆうき八百屋,A,3480,3,0.3,10.0,0,0,0,0,1.3,10,False,True
9352218006602,あんペースト(こしあん) 155g,虎玄,A,1200,11,0.87,12.64367816091954,0,0,0,0,1.3,10,False,True
9352218002388,ドライりんごチップス 40g,山とりんご,A,850,1,1.2,0.8333333333333334,11,9350,14,11900,1.3,10,False,True
9352218006192,繁土 2025 720ml,パタゴニア,A,2280,5,0.43,11.627906976744185,0,0,0,0,1.3,10,False,True
9352218006504,金目鯛ごはんの素 136g,良品工房,A,1180,0,0.83,0.0,9,10620,10,11800,1.3,10,True,True
9352218006417,のり塩けんぴ 70g,風と土,A,480,0,2.0,0.0,20,9600,26,12480,1.3,10,True,True
11147,こしひかり越後ビール 350ml,片山,A,380,32,2.5,12.8,0,0,0,0,1.3,10,False,True
13635,さけるモッツァレラ(クラタペッパー) 100g,渋谷CHEESE STAND,A,1090,8,0.87,9.195402298850574,1,1090,1,1090,1.3,10,False,True
14505,森の燻し ピスタチオ,ミノタケ,A,1180,9,0.8,11.25,0,0,0,0,1.3,10,False,True
9352218004336,薬膳おやつ ドライなつめ 20g,ブラウンシュガーファースト,A,460,57,2.03,28.07881773399015,0,0,0,0,1.3,10,False,True
9352218006229,オリジナルチャイベース 200ml,Chiyaba,A,1750,1,0.53,1.8867924528301885,5,8750,5,8750,1.3,10,False,True
9352218006185,スパイスチャイ 1.8gx18袋,おもちゃ箱,A,1200,5,0.77,6.4935064935064934,3,3600,3,3600,1.3,10,False,True
8572,オレンジチョコ,きのね堂,A,540,0,1.7,0.0,17,9180,22,11880,1.3,10,True,True
9352218006613,SANアソートボックス(シングル) 6包入,SAN,A,1610,1,0.57,1.7543859649122808,5,8050,6,9660,1.3,10,False,False
9352218003434,魯肉飯の餡 200g,かかん,A,1240,6,0.73,8.219178082191782,2,2480,1,1240,1.3,10,False,True
9352218002775,ぎゅぎゅっとオレンジIPA 350ml,ひみつビール,A,1080,6,0.83,7.228915662650603,3,3240,2,2160,1.3,10,False,True
1479,屋久島縄文水 500ml,A.ゆうき八百屋,A,180,53,4.93,10.75050709939148,0,0,0,0,1.3,10,False,True
12437,パルメザンクッキー,きのね堂,A,620,0,1.43,0.0,15,9300,18,11160,1.3,10,True,True
9352218006190,やさしい焼菓子詰め合わせ(中) 1箱,ココシュシュ,A,3230,6,0.27,22.22222222222222,0,0,0,0,1.3,10,False,False
11943,日本の米育ち三元豚 ひとくちサラミ 50g,創健社冷蔵,A,420,25,2.07,12.077294685990339,0,0,0,0,1.3,10,False,True
14373,フランクフルト 3本,ピュアファーム,A,960,14,0.9,15.555555555555555,0,0,0,0,1.3,10,False,True
8004,ポテトチップ シーソルト＆ビネガー 141g,ミエプロジェクト,A,850,9,1.0,9.0,1,850,1,850,1.3,10,False,True
266,よなよなエール 350ml,アルコール.ゆうき八百屋,A,280,38,3.03,12.541254125412543,0,0,0,0,1.3,10,False,True
9352218001657,出雲ぜんざい 1食分,良品工房,A,760,3,1.1,2.727272727272727,8,6080,10,7600,1.3,10,False,True
20240723373,ドライトマトのソーセージ 3本,ピュアファーム,A,960,0,0.87,0.0,9,8640,11,10560,1.3,10,True,True
1999,薬膳おやつ ドライなつめ 80g,ブラウンシュガーファースト,A,1290,19,0.63,30.158730158730158,0,0,0,0,1.3,10,False,True
9352218002850,ブリュット ナチュール セレクショネ パー マルク・テンペ 750ml,ディオニー,A,3500,2,0.23,8.695652173913043,1,3500,1,3500,1.3,10,False,True
9352218006505,和べっこう飴 50g,良品工房,A,360,0,2.23,0.0,23,8280,28,10080,1.3,10,True,True
9352218001642,ピーカンナッツバー 1個,KANEL BREAD,A,520,11,1.53,7.189542483660131,5,2600,5,2600,1.3,10,False,True
15945,White Monday 生マッコリ 700ml,white monday,A,2410,11,0.33,33.33333333333333,0,0,0,0,1.3,10,False,True
8677,ポテトチップ ハニーディジョン 141g,ミエプロジェクト,A,850,6,0.93,6.451612903225806,4,3400,4,3400,1.3,10,False,True
9352218002292,桃太郎ホワイト 350ml,ひみつビール,A,1080,7,0.73,9.589041095890412,1,1080,1,1080,1.3,10,False,True
9352218002300,干いか 40g,やまくに,A,840,14,0.93,15.053763440860214,0,0,0,0,1.3,10,False,True
9352218006614,SANアソートボックス(ブレンド) 6包入,SAN,A,2110,12,0.37,32.432432432432435,0,0,0,0,1.3,10,False,False
9352218001986,琉球レモンサワー 350ml,片山,A,290,53,2.67,19.850187265917604,0,0,0,0,1.3,10,False,True
8689,チャイ(ショートブレッド),go! MUFFINS go!,A,720,6,1.07,5.607476635514018,5,3600,6,4320,1.3,10,False,True
9352218002637,ネルソンブロンド 350ml,ひみつビール,A,1080,7,0.7,10.0,0,0,0,0,1.3,10,False,True
9352218002740,レザーウッドハニー + ハーブキャンディ ゆず味 51g,創健社常温,A,540,11,1.4,7.857142857142858,3,1620,3,1620,1.3,10,False,True
9352218002898,お伊勢ちゃん 350ml,ひみつビール,A,980,9,0.77,11.688311688311687,0,0,0,0,1.3,10,False,True
11727,KAGUA 2本セット,FAR YEAST BREWING,A,1590,0,0.47,0.0,5,7950,6,9540,1.3,10,True,True
8490,オーガニックあずき美人茶 500ml,ムソー常温,A,220,51,3.37,15.13353115727003,0,0,0,0,1.3,10,False,True
14080,にいだしぜんしゅ純米吟醸 720ml,片山,A,2240,2,0.33,6.0606060606060606,2,4480,1,2240,1.3,10,False,True
9352218001965,ビーワックス リップクリーム 10ml,B.ゆうき八百屋,A,1290,0,0.57,0.0,6,7740,7,9030,1.3,10,True,True
11077,エチゴビール ピルスナー 350ml,片山,A,380,43,1.93,22.27979274611399,0,0,0,0,1.3,10,False,True
14081,にいだしぜんしゅ純米原酒 720ml,片山,A,1980,1,0.37,2.7027027027027026,3,5940,3,5940,1.3,10,False,True
9352218002412,ピーナツクランチ,きのね堂,A,620,0,1.17,0.0,12,7440,15,9300,1.3,10,True,True
9352218001641,ダブルチョコブラウニー 1個,KANEL BREAD,A,510,13,1.4,9.285714285714286,1,510,1,510,1.3,10,False,True
12862,日本の米育ち三元豚 極み生ハム 55g,創健社冷蔵,A,590,13,1.2,10.833333333333334,0,0,0,0,1.3,10,False,True
11935,まぐろコンフィ 200g,三崎恵水産,A,880,8,0.8,10.0,0,0,0,0,1.3,10,False,True
11723,生玄米甘酒一日一糀 乳酸菌入 140ml,ムソー常温,A,330,19,2.13,8.92018779342723,3,990,2,660,1.3,10,False,True
9352218006191,ヴィーガン生チョコレート 16粒入,ココシュシュ,A,1480,13,0.47,27.659574468085108,0,0,0,0,1.3,10,False,False
9352218006589,しぜんしゅ やまもり2025 720ml,パタゴニア,A,3000,11,0.23,47.826086956521735,0,0,0,0,1.3,10,False,True
9352218005723,菊芋きなこまる 60g,創健社常温,A,540,0,1.27,0.0,13,7020,16,8640,1.3,10,True,True
9352218002806,オスモ 350ml,ひみつビール,A,1290,0,0.53,0.0,6,7740,6,7740,1.3,10,True,True
42,紙袋,フードアンドカンパニー,A,80,0,8.53,0.0,86,6880,110,8800,1.3,10,True,True
9352218004318,ピスタチオ＆アールグレイ(ショートブレッド),go! MUFFINS go!,A,730,18,0.93,19.35483870967742,0,0,0,0,1.3,10,False,True
9352218003913,干し芋バー いちじく 1本,UPBEET!,A,420,0,1.6,0.0,16,6720,20,8400,1.3,10,True,True
14383,発酵玄米ソーセージ 3本,ピュアファーム,A,960,0,0.7,0.0,7,6720,9,8640,1.3,10,True,True
9352218001643,ミルクティーショートブレッド 1個,KANEL BREAD,A,490,17,1.37,12.40875912408759,0,0,0,0,1.3,10,False,True
12253,マルヴァジア 3000ml,ディオニー,A,5100,0,0.13,0.0,2,10200,1,5100,1.3,10,True,True
9352218002028,塩だけでつくる熟成ポークジャーキー 12g,ニックジャーキー,A,550,34,1.2,28.333333333333336,0,0,0,0,1.3,10,False,True
8991,インドの青鬼 350ml,アルコール.ゆうき八百屋,A,310,34,2.1,16.19047619047619,0,0,0,0,1.3,10,False,True
14926,ひがしやま 1枚,四万十ドラマ,A,260,0,2.43,0.0,25,6500,31,8060,1.3,10,True,True
9352218006414,チャンドラ 20g,Chiyaba,A,2100,9,0.3,30.0,0,0,0,0,1.3,10,False,False
14521,チョコチップクッキー 1個,オーボンソレイユ,A,330,9,1.9,4.736842105263158,10,3300,13,4290,1.3,10,False,True
14374,粗挽きペッパーソーセージ 3本,ピュアファーム,A,960,0,0.63,0.0,7,6720,8,7680,1.3,10,True,True
14506,木の実のソーセージ 3本,ピュアファーム,A,960,0,0.63,0.0,7,6720,8,7680,1.3,10,True,True
9352218002560,KAGUA Saison 特別日本醸造 350ml,FAR YEAST BREWING,A,650,14,0.93,15.053763440860214,0,0,0,0,1.3,10,False,True
8611,(各種)カントリークッキー,きのね堂,A,620,0,0.97,0.0,10,6200,12,7440,1.3,10,True,True
9352218003909,干し芋バー オリジナル 1本,UPBEET!,A,420,0,1.43,0.0,15,6300,18,7560,1.3,10,True,True
9352218006603,あんペースト(黒砂糖とメープルシロップ) 155g,虎玄,A,1200,3,0.5,6.0,2,2400,2,2400,1.3,10,False,True
9352218006632,さくら麗  350ml,アルコール.ゆうき八百屋,A,580,32,1.03,31.067961165048544,0,0,0,0,1.3,10,False,False
13268,各種スコーン,きのね堂,A,540,0,1.1,0.0,11,5940,14,7560,1.3,10,True,True
12202,あくまのクッキー 1個,オーボンソレイユ,A,330,14,1.8,7.777777777777778,4,1320,5,1650,1.3,10,False,True
1527,国産ふじりんご100 125ml,ムソー常温,A,190,43,3.1,13.870967741935484,0,0,0,0,1.3,10,False,True
9352218004295,唯七味 11g,唯一味,A,1250,3,0.47,6.382978723404256,2,2500,2,2500,1.3,10,False,True
9352218001932,プリン 1個,かすたねっと,A,290,2,2.0,1.0,18,5220,23,6670,1.3,10,False,True
9352218001556,ガタオCAN 250ml,木下インターナショナル,A,480,13,1.2,10.833333333333334,0,0,0,0,1.3,10,False,True
11587,オホーツクおこっぺ有機のむヨーグルト 180ml,ノースプレインファーム,A,350,13,1.63,7.975460122699387,4,1400,4,1400,1.3,10,False,True
9352218001677,まぐろ角煮 150g,三崎恵水産,A,900,15,0.63,23.80952380952381,0,0,0,0,1.3,10,False,True
9352218005661,常陸野ハイボール 355ml,アルコール.ゆうき八百屋,A,460,16,1.23,13.008130081300813,0,0,0,0,1.3,10,False,False
9352218006416,焼き干し芋 110g,風と土,A,580,1,0.97,1.0309278350515465,9,5220,11,6380,1.3,10,False,True
9352218004666,カヴァ アンヌマリー ブリュット ナチュレ レセルヴァ 750ml,ディオニー,A,2800,6,0.2,30.0,0,0,0,0,1.3,10,False,False
9352218001760,有機オートミールのクッキー(ココナッツ) 100g,アンドミール,A,930,19,0.6,31.666666666666668,0,0,0,0,1.3,10,False,True
8489,国産有機さらつや美人番茶 500ml,ムソー常温,A,180,74,3.1,23.870967741935484,0,0,0,0,1.3,10,False,True
9352218002855,有機チョコレート スティック カカオ100％ 48g,A.ゆうき八百屋,A,1050,11,0.53,20.754716981132074,0,0,0,0,1.3,10,False,True
9352218006230,チャイプレッソベース 200ml,Chiyaba,A,1850,17,0.3,56.66666666666667,0,0,0,0,1.3,10,False,True
9352218002430,オーガニック ロッソ 赤 500ml,アルコール.ゆうき八百屋,A,880,0,0.63,0.0,7,6160,8,7040,1.3,10,True,True
9352218006215,#Original Rouge (Pale) 2024,kiki wine club,A,4200,3,0.13,23.076923076923077,0,0,0,0,1.3,10,False,True
9352218002064,越前玄米茶 330ml,パーソナルコンタクト,A,140,30,3.9,7.6923076923076925,9,1260,11,1540,1.3,10,False,True
1072,パリパリ焙煎いりこ プレーン 40g,やまくに,A,680,20,0.8,25.0,0,0,0,0,1.3,10,False,True
9352218002697,焼きいもモンブラン,四万十ドラマ,A,290,39,1.87,20.855614973262032,0,0,0,0,1.3,10,False,True
9352218002774,日の丸ジン　蔵風土ジンソーダ 355ml,アルコール.ゆうき八百屋,A,360,11,1.5,7.333333333333333,4,1440,5,1800,1.3,10,False,True
9352218001815,らっこにひき 350ml,ひみつビール,A,1080,13,0.5,26.0,0,0,0,0,1.3,10,False,True
9352218005724,黒胡麻きなこまる 60g,創健社常温,A,540,12,1.0,12.0,0,0,0,0,1.3,10,False,True
15570,甘えび素干し 30g,つりや,A,580,3,0.93,3.225806451612903,7,4060,8,4640,1.3,10,False,True
9352218003294,全粒角食 ,Garden House Crafts,A,520,0,1.03,0.0,11,5720,13,6760,1.3,10,True,True
9352218006669,オーガニックチーズ モム 100g,アグリシステム,A,1320,0,0.4,0.0,4,5280,5,6600,1.3,10,True,True
11941,カカオニブ(ショートブレッド),go! MUFFINS go!,A,720,10,0.73,13.698630136986301,0,0,0,0,1.3,10,False,True
9352218005438,クラタペッパーと クリスマス島の塩おかき 120g,田地商店,A,680,12,0.77,15.584415584415584,0,0,0,0,1.3,10,False,True
9352218002891,抹茶と黒豆のパウンドケーキ,KANEL BREAD,A,650,0,0.8,0.0,8,5200,10,6500,1.3,10,True,True
9352218006495,チョコチップレーズンオートミールクッキー 3枚入り,じゆう,A,1100,17,0.47,36.17021276595745,0,0,0,0,1.3,10,False,False
402,五人娘 純米吟醸 生酒 300ml,片山,A,1100,0,0.47,0.0,5,5500,6,6600,1.3,10,True,True
14796,ひらめき 2gx7包,丹沢ハーブ,A,1290,19,0.4,47.5,0,0,0,0,1.3,10,False,True
12515,まぐろのコンフィ トマト 85g,三崎恵水産,A,500,14,1.03,13.592233009708737,0,0,0,0,1.3,10,False,True
14384,チョリソー 3本,ピュアファーム,B,960,4,0.53,7.547169811320754,2,1920,1,960,1.15,10,False,True
7878,ハニードロップレットUMF10+ マヌカ 23g(6粒),オーサワジャパン常温,B,1180,6,0.43,13.953488372093023,0,0,0,0,1.15,10,False,True
9352218004302,ありがとうスモークチキン (S),小林農園,B,2980,1,0.17,5.88235294117647,1,2980,1,2980,1.15,10,False,True
9352218001761,有機オートミールのクッキー(ココナッツ) 50g,アンドミール,B,460,10,1.1,9.09090909090909,1,460,1,460,1.15,10,False,True
9352218002322,エチゴスタウト 350ml,片山,B,380,45,1.33,33.83458646616541,0,0,0,0,1.15,10,False,True
9352218001737,UPBEET!ドーナツ バレンタイン生チョコハート 1個,UPBEET!,B,520,14,0.97,14.43298969072165,0,0,0,0,1.15,10,False,True
9352218001763,有機オートミールのクッキー(カカオ) 50g,アンドミール,B,520,20,0.97,20.61855670103093,0,0,0,0,1.15,10,False,True
2105,オーガニック能登そば 100gx2,金沢大地,B,720,0,0.7,0.0,7,5040,8,5760,1.15,10,True,True
9352218006662,ジンジャースパイスクッキー 12枚,ココシュシュ,B,750,21,0.67,31.34328358208955,0,0,0,0,1.15,10,False,False
12358,カジキのコンフィ 180g,三崎恵水産,B,880,12,0.57,21.05263157894737,0,0,0,0,1.15,10,False,True
9352218006712,有機JAS 生姜百景 -GINGER SHOT- 10本入,後藤製菓,B,5000,1,0.1,10.0,0,0,0,0,1.15,10,False,True
14181,orange moon 750ml (オレンジ),ヌーヴェルセレクション,B,3800,2,0.13,15.384615384615383,0,0,0,0,1.15,10,False,True
9352218002856,有機アガベチョコレート スティック カカオ70％ 62g,A.ゆうき八百屋,B,1050,2,0.47,4.25531914893617,3,3150,3,3150,1.15,10,False,True
9352218006590,やまもり ミニ 150ml,パタゴニア,B,820,18,0.6,30.0,0,0,0,0,1.15,10,False,True
9352218002832,黄金澤 180ml,きょうの日本酒,B,1460,0,0.33,0.0,4,5840,3,4380,1.15,10,True,True
9352218006563,アンフォラビアンコ,kiki wine club,B,4800,4,0.1,40.0,0,0,0,0,1.15,10,False,True
9352218004203,Amitie レモンとオレンジのマーマレード 80g,Romi-Unie,B,1020,7,0.47,14.893617021276597,0,0,0,0,1.15,10,False,False
9352218006790,プラリネ 350ml,ひみつビール,B,1290,3,0.37,8.108108108108109,1,1290,1,1290,1.15,10,False,False
1074,パリパリ焙煎いりこ 山椒 30g,やまくに,B,680,11,0.7,15.714285714285715,0,0,0,0,1.15,10,False,True
9352218004147,木桶仕込み醤油 ミックスナッツ 138g,田地商店,B,710,11,0.67,16.417910447761194,0,0,0,0,1.15,10,False,True
9352218003072,りんごのタルト1個,B.ゆうき八百屋,B,610,0,0.77,0.0,8,4880,8,4880,1.15,10,True,True
9352218003232,全粒粉丸パン(3ps入),Garden House Crafts,B,480,3,0.97,3.0927835051546393,7,3360,7,3360,1.15,10,False,True
9352218001630,UPBEET! 甘酒ブラウニー 1個,UPBEET!,B,560,8,0.83,9.63855421686747,1,560,1,560,1.15,10,False,True
9352218001930,ベイクドチーズケーキ 1個,かすたねっと,B,1250,3,0.37,8.108108108108109,1,1250,1,1250,1.15,10,False,True
9339709006838,ロングルート ヘイジーIPA 355ml,パタゴニア,B,690,0,0.67,0.0,7,4830,7,4830,1.15,10,True,True
9339709006871,フェアトレードチョコレート オーガニックミルク 50g,A.ゆうき八百屋,B,510,10,0.9,11.11111111111111,0,0,0,0,1.15,10,False,True
9352218002830,松の寿 180ml,きょうの日本酒,B,1520,0,0.3,0.0,3,4560,3,4560,1.15,10,True,True
12026,KIMINO YUZU 250g,キミノドリンク,B,380,21,1.2,17.5,0,0,0,0,1.15,10,False,True
9352218006658,マルキョウシャルドネペティアン2024,kiki wine club,B,3500,0,0.13,0.0,2,7000,1,3500,1.15,10,True,True
9352218003962,チーズクッキー 35g,A.ゆうき八百屋,B,540,5,0.83,6.024096385542169,4,2160,3,1620,1.15,10,False,True
9352218005806,常陸野ネスト ノン・エール(ノンアルコール) 350ml,アルコール.ゆうき八百屋,B,320,19,1.4,13.571428571428573,0,0,0,0,1.15,10,False,False
9352218003095,PEACE ソイミルク200g,シマダ電気設備,B,380,30,1.17,25.641025641025642,0,0,0,0,1.15,10,False,True
9352218006646,五目かまぼこ 120g ,ムソーおせち,B,1480,1,0.3,3.3333333333333335,2,2960,2,2960,1.15,10,False,False
9352218001762,有機オートミールのクッキー(カカオ) 100g,アンドミール,B,1030,14,0.43,32.55813953488372,0,0,0,0,1.15,10,False,True
9352218002938,有機緑茶 500ml,創健社常温,B,190,34,2.33,14.592274678111588,0,0,0,0,1.15,10,False,True
15431,有機グルテンフリー クッキー オーツ麦・チョコチップ,オアシス,B,270,39,1.63,23.92638036809816,0,0,0,0,1.15,10,False,True
13229,玄米おかき いづも美人 古代米(黒米) 100g,A.ゆうき八百屋,B,620,7,0.7,10.0,0,0,0,0,1.15,10,False,True
9352218005808,ガタオCAN ロゼ 250ml,木下インターナショナル,B,480,32,0.9,35.55555555555556,0,0,0,0,1.15,10,False,True
9352218001722,福まめ 85g,金沢大地,B,390,6,1.1,5.454545454545454,5,1950,5,1950,1.15,10,False,True
9352218006342,甲州2024,kiki wine club,B,4250,0,0.1,0.0,1,4250,1,4250,1.15,10,True,True
9352218001946,HOMEY SAISON 350ml,ひみつビール,B,980,1,0.43,2.3255813953488373,4,3920,3,2940,1.15,10,False,True
9352218004008,龍馬 POWER SODA 500ml,B.ゆうき八百屋,B,160,37,2.63,14.068441064638783,0,0,0,0,1.15,10,False,True
9352218006657,ペットナット ブラン ナイアガラ 2025,kiki wine club,B,4200,1,0.1,10.0,0,0,0,0,1.15,10,False,True
9352218003912,干し芋バー アップルシナモン 1本,UPBEET!,B,420,12,1.0,12.0,0,0,0,0,1.15,10,False,True
11584,オホーツクおこっぺ有機牛乳 180ml,ノースプレインファーム,B,320,0,1.3,0.0,13,4160,14,4480,1.15,10,True,True
11215,かき燻製 65g,つりや,B,1120,2,0.37,5.405405405405405,2,2240,1,1120,1.15,10,False,True
9352218005905,有機アルタイサジー (サジーピューレ飲料) 35ml,オーサワジャパン常温,B,400,4,1.03,3.883495145631068,7,2800,7,2800,1.15,10,False,False
9352218001908,特別純米酒 白老 180ml,アルコール.ゆうき八百屋,B,470,0,0.87,0.0,9,4230,10,4700,1.15,10,True,True
9352218002587,チーズおかき 9枚,B.ゆうき八百屋,B,560,12,0.73,16.438356164383563,0,0,0,0,1.15,10,False,True
9352218004296,ドライ柚子胡椒 15g,唯一味,B,950,0,0.43,0.0,5,4750,4,3800,1.15,10,True,True
9352218002013,フェアトレードチョコレート レーズン&カシューナッツ 50g,A.ゆうき八百屋,B,510,17,0.8,21.25,0,0,0,0,1.15,10,False,True
6070,サブレ(プレーン),きのね堂,B,490,0,0.83,0.0,9,4410,9,4410,1.15,10,True,True
9352218005131,ギュっとフルーツ 8枚,A.ゆうき八百屋,B,390,6,1.03,5.825242718446602,5,1950,4,1560,1.15,10,False,True
9352218002846,米粉クッキー(メープル) 60g,オーサワジャパン常温,B,390,0,1.03,0.0,11,4290,11,4290,1.15,10,True,True
176,かき燻製オイル漬け 50g,つりや,B,1080,0,0.37,0.0,4,4320,4,4320,1.15,10,True,True
9352218004102,百年はちみつグミ ざくろ味 49g(14粒),創健社常温,B,490,0,0.8,0.0,8,3920,9,4410,1.15,10,True,True
9352218006663,3種の野菜ボーロ 12粒,ココシュシュ,B,390,32,1.0,32.0,0,0,0,0,1.15,10,False,False
9352218002741,BELUGA 350ml,ひみつビール,B,1180,8,0.33,24.242424242424242,0,0,0,0,1.15,10,False,True
14798,静心 2gx7包,丹沢ハーブ,B,1290,17,0.3,56.66666666666667,0,0,0,0,1.15,10,False,True
9352218006634,またいちの塩 焼塩 50g,新三郎商店,B,730,2,0.53,3.773584905660377,4,2920,3,2190,1.15,10,False,True
6298,オーガニックカフェインレスコーヒー(ドリップタイプ) 10g×5袋,ムソー常温,B,1040,8,0.37,21.62162162162162,0,0,0,0,1.15,10,False,True
9352218002961,日本の米育ち三元豚 レバーペースト 100g,創健社冷蔵,B,640,2,0.6,3.3333333333333335,4,2560,4,2560,1.15,10,False,True
9352218002872,混醸13品種 500ml,白石酒造,B,2240,0,0.17,0.0,2,4480,1,2240,1.15,10,True,True
9352218004772,リップ&チークバーム 18g,おもちゃ箱,B,1900,8,0.2,40.0,0,0,0,0,1.15,10,False,True
1526,国産温州みかん100 125ml,ムソー常温,B,200,43,1.9,22.63157894736842,0,0,0,0,1.15,10,False,True
12420,ORIGINAL 但馬玄(たじまぐろ) 20g,ニックジャーキー,B,1890,1,0.2,5.0,1,1890,1,1890,1.15,10,False,True
9352218006715,発酵ジンジャーエール ORIGINAL 250ml,後藤製菓,B,600,5,0.63,7.936507936507937,2,1200,1,600,1.15,10,False,True
9352218001739,UPBEET!ドーナツ 有機抹茶 1個,UPBEET!,B,490,0,0.77,0.0,8,3920,8,3920,1.15,10,True,True
9352218002586,あんこおかき 9枚,B.ゆうき八百屋,B,560,9,0.67,13.432835820895521,0,0,0,0,1.15,10,False,True
9352218005633,オートミールクッキー,きのね堂,B,620,0,0.6,0.0,6,3720,6,3720,1.15,10,True,True
9352218001931,チョコレートケーキ 1個,かすたねっと,B,930,8,0.4,20.0,0,0,0,0,1.15,10,False,True
1134,玄米おかき いづも美人 100g,B.ゆうき八百屋,B,590,2,0.63,3.1746031746031744,5,2950,4,2360,1.15,10,False,True
9352218006344,甲州 2024キュベタカシ,kiki wine club,B,3700,0,0.1,0.0,1,3700,1,3700,1.15,10,True,True
9352218002899,シンツチダ・プリンセスサリー 180ml,きょうの日本酒,B,1850,5,0.2,25.0,0,0,0,0,1.15,10,False,True
2175,マリールゥのパンケーキミックス 300g,マリールゥ,B,740,0,0.5,0.0,5,3700,5,3700,1.15,10,True,True
14059,エジプト塩瓶 70g,たかはしよしこ,B,1230,6,0.3,20.0,0,0,0,0,1.15,10,False,True
9352218006405,いっしょにぷはぁ～ピーチジンジャー 350ml,ひみつビール,B,920,6,0.4,15.0,0,0,0,0,1.15,10,False,True
9352218001853,足柄茶ほうじ茶 465g,創健社常温,B,200,30,1.83,16.39344262295082,0,0,0,0,1.15,10,False,True
16014,Sumomo Salty Sour 350ml,FAR YEAST BREWING,B,580,5,0.63,7.936507936507937,2,1160,1,580,1.15,10,False,True
11499,有機農法ビール(缶) 350ml,アルコール.ゆうき八百屋,B,390,21,0.93,22.58064516129032,0,0,0,0,1.15,10,False,True
9352218003116,パーシモン2 350ml,ひみつビール,B,980,4,0.37,10.81081081081081,0,0,0,0,1.15,10,False,True
9352218003446,コーヒーチョコ,きのね堂,B,540,0,0.67,0.0,7,3780,7,3780,1.15,10,True,True
9352218001631,UPBEET! チョコレートズッキーニ ケーキ 1個,UPBEET!,B,490,4,0.73,5.47945205479452,4,1960,3,1470,1.15,10,False,True
9352218001597,有機白丸もち 500g,A.ゆうき八百屋,B,1190,0,0.3,0.0,3,3570,3,3570,1.15,10,True,True
9352218004168,フェアトレードチョコレート ビターザクロ 50g,A.ゆうき八百屋,B,510,10,0.7,14.285714285714286,0,0,0,0,1.15,10,False,True
9352218005835,カベルネ・ソーヴィニヨン ロゼグレープジュース 1000ml,マイベストグラノーラ,B,2100,2,0.17,11.76470588235294,0,0,0,0,1.15,10,False,True
9352218002809,GIFT COFFEE BAG_デカフェ (5個/set),OVERVIEW COFFEE,B,1780,2,0.2,10.0,0,0,0,0,1.15,10,False,True
11209,有機ミントティー 350ml,創健社常温,B,280,28,1.27,22.04724409448819,0,0,0,0,1.15,10,False,True
8517,オーガニックルイボス茶ペット 500ml,B.ゆうき八百屋,B,190,58,1.87,31.016042780748663,0,0,0,0,1.15,10,False,True
14405,カモミールティー 18袋,おもちゃ箱,B,1180,12,0.3,40.0,0,0,0,0,1.15,10,False,True
9352218004648,三色福豆 80g,ムソー常温,B,440,5,0.8,6.25,3,1320,3,1320,1.15,10,False,True
9352218004714,さけるモッツァレラ(プレーン) 100g,渋谷CHEESE STAND,B,880,6,0.4,15.0,0,0,0,0,1.15,10,False,True
12673,山椒ポークジャーキー 12g,ニックジャーキー,B,700,3,0.5,6.0,2,1400,2,1400,1.15,10,False,True
13805,メイシーちゃんのおきにいり さんかくおむすびのおせんべい 14g×4,創健社常温,B,360,2,0.97,2.061855670103093,8,2880,8,2880,1.15,10,False,True
9352218002890,チョコとイチジクのパウンドケーキ,KANEL BREAD,B,650,6,0.53,11.320754716981131,0,0,0,0,1.15,10,False,True
9352218004006,SUKUSUKU BALL 20g,ondo,B,490,2,0.7,2.857142857142857,5,2450,5,2450,1.15,10,False,True
13233,KIMINO RINGO 250ml,キミノドリンク,B,380,20,0.9,22.22222222222222,0,0,0,0,1.15,10,False,True
9352218006615,生姜の幸 うすきせんべい・曲型(薄焼き) 5枚,後藤製菓,B,600,1,0.57,1.7543859649122808,5,3000,5,3000,1.15,10,False,True
13368,マヌカハニーステックHigh grade 6本,POT Trading,B,1480,2,0.23,8.695652173913043,1,1480,1,1480,1.15,10,False,True
8259,黒豆煮 200g,津乃吉,B,1480,3,0.23,13.043478260869565,0,0,0,0,1.15,10,False,True
9352218006640,天狗桜 720ml,白石酒造,B,3400,1,0.1,10.0,0,0,0,0,1.15,10,False,True
6202,焙りほたるいか 12g,A.ゆうき八百屋,B,290,11,1.17,9.401709401709402,1,290,1,290,1.15,10,False,True
6952,ハニードロップレットUMF15+マヌカ 23g(6粒),オーサワジャパン常温,B,1690,0,0.2,0.0,2,3380,2,3380,1.15,10,True,True
14748,マリールゥのパンケーキミックス スペキュロス 300g,マリールゥ,B,1020,8,0.33,24.242424242424242,0,0,0,0,1.15,10,False,True
9352218006697,かぶら寿司 1枚入,金沢大地,B,1980,5,0.17,29.41176470588235,0,0,0,0,1.15,10,False,True
14812,N6 Nature 750ml,ヌーヴェルセレクション,B,4800,0,0.07,0.0,1,4800,1,4800,1.15,10,True,True
9352218003296,黒こしょうせんべい10枚,オーサワジャパン常温,B,280,2,1.2,1.6666666666666667,10,2800,11,3080,1.15,10,False,True
9352218001507,にいだしぜんしゅ 燗誂 720ml,片山,B,1680,2,0.2,10.0,0,0,0,0,1.15,10,False,True
9352218006273,響果 350ml,FAR YEAST BREWING,B,630,39,0.53,73.58490566037736,0,0,0,0,1.15,10,False,False
13793,イングリッシュペパーミント 15g,旅キッチン,B,430,19,0.77,24.675324675324674,0,0,0,0,1.15,10,False,True
9352218005800,ヘーゼルナッツのスノーボール 9個,ココシュシュ,B,1000,0,0.33,0.0,4,4000,3,3000,1.15,10,True,True
6192,オーガニックハニーブッシュティ 500ml,A.ゆうき八百屋,B,190,21,1.73,12.138728323699421,0,0,0,0,1.15,10,False,True
15622,米粉のマクロビバターサンド(カフェモカ) 45g,チャヤマクロビ,B,390,37,0.83,44.57831325301205,0,0,0,0,1.15,10,False,True
9352218003323,木桶醤油と本みりん発酵糖のおかき 100g,田地商店,B,460,11,0.7,15.714285714285715,0,0,0,0,1.15,10,False,True
43,カジュアルラッピング(布袋),フードアンドカンパニー,B,200,0,1.6,0.0,16,3200,18,3600,1.15,10,True,True
9352218004122,モッツァレラチーズ 100g,須藤牧場,B,740,12,0.43,27.906976744186046,0,0,0,0,1.15,10,False,True
9352218002901,三毳山 180ml,きょうの日本酒,B,1590,3,0.2,15.0,0,0,0,0,1.15,10,False,True
13373,おこっぺ有機スモークチーズ 80g,ノースプレインファーム,B,790,3,0.4,7.5,1,790,1,790,1.15,10,False,True
5610,さば燻製 温燻,つりや,B,630,0,0.5,0.0,5,3150,5,3150,1.15,10,True,True
8456,ポテトチップ シーソルト 141g,ミエプロジェクト,B,850,4,0.37,10.81081081081081,0,0,0,0,1.15,10,False,True
9352218004120,低温殺菌ノンホモジャージー牛乳 150ml,須藤牧場,B,360,0,0.87,0.0,9,3240,10,3600,1.15,10,True,True
15266,いちごみるく飴 72g,B.ゆうき八百屋,B,390,2,0.8,2.5,6,2340,6,2340,1.15,10,False,True
9352218003234,1/4カット 国産小麦のカンパーニュ,Garden House Crafts,B,390,4,0.8,5.0,4,1560,4,1560,1.15,10,False,True
9352218002847,米粉クッキー(キャロブ＆ココア) 60g,オーサワジャパン常温,B,390,4,0.8,5.0,4,1560,4,1560,1.15,10,False,True
15621,米粉のマクロビバターサンド(メイプルラムレーズン) 50g,チャヤマクロビ,B,390,33,0.8,41.25,0,0,0,0,1.15,10,False,True
9352218002050,米粉のマクロビバターサンド(抹茶) 42g,チャヤマクロビ,B,390,29,0.8,36.25,0,0,0,0,1.15,10,False,True
9352218005554,ローズマリーと胡桃,きのね堂,B,620,0,0.5,0.0,5,3100,5,3100,1.15,10,True,True
8690,コーヒー(ショートブレッド),go! MUFFINS go!,B,720,10,0.43,23.25581395348837,0,0,0,0,1.15,10,False,True
14211,桜えびおこげ 80g,山香煎餅本舗,B,540,0,0.57,0.0,6,3240,6,3240,1.15,10,True,True
9352218005941,FarYeast 3缶セット,FAR YEAST BREWING,B,1530,0,0.2,0.0,2,3060,2,3060,1.15,10,True,True
9352218001852,箱根山麓紅茶 490g,創健社常温,B,200,18,1.53,11.76470588235294,0,0,0,0,1.15,10,False,True
9352218005420,KIMINO MOMO 250g,キミノドリンク,B,380,1,0.8,1.25,7,2660,8,3040,1.15,10,False,True
9352218004333,FAR YEAST WHITE  350ml 缶,FAR YEAST BREWING,B,450,1,0.67,1.4925373134328357,6,2700,6,2700,1.15,10,False,True
13795,エクストラストロングユーカリプラス 15g,旅キッチン,B,430,26,0.7,37.142857142857146,0,0,0,0,1.15,10,False,True
9339709006923,柿茶 350ml,A.ゆうき八百屋,C,250,8,1.2,6.666666666666667,4,1000,4,1000,1.0,10,False,True
9352218002699,即席しるこ 1個,良品工房,C,280,0,1.07,0.0,11,3080,10,2800,1.0,10,True,True
9352218006633,またいちの塩 炊塩 50g,新三郎商店,C,560,0,0.53,0.0,6,3360,5,2800,1.0,10,True,True
15961,有機クリームチーズ(スプレッドタイプ) 226g,アリサン,C,1290,0,0.23,0.0,3,3870,2,2580,1.0,10,True,True
11827,オホーツクおこっぺ醗酵バター (有塩) 125g,ノースプレインファーム,C,1290,0,0.23,0.0,3,3870,2,2580,1.0,10,True,True
12614,パタゴニア プロビジョンズ・ロング・ルート・ペールエール　355ml,パタゴニア,C,690,23,0.43,53.48837209302326,0,0,0,0,1.0,10,False,True
8232,南仏アジャンのオーガニックプルーン 200g,A.ゆうき八百屋,C,890,6,0.33,18.18181818181818,0,0,0,0,1.0,10,False,True
9339709006874,フェアトレードチョコレート オーガニック抹茶ホワイトキヌアパフ 50g,A.ゆうき八百屋,C,510,11,0.57,19.29824561403509,0,0,0,0,1.0,10,False,True
9352218005840,カベルネ・ソヴィニヨン 赤グレープジュース 330ml,マイベストグラノーラ,C,950,3,0.3,10.0,0,0,0,0,1.0,10,False,True
9339709006675,ホールバー カカオ＆フィグ 40g,クラシックオーガニクス,C,290,1,0.97,1.0309278350515465,9,2610,8,2320,1.0,10,False,True
9352218005906,有機ニンシアゴジベリー(クコピューレ飲料) 43.6ml,オーサワジャパン常温,C,400,15,0.7,21.42857142857143,0,0,0,0,1.0,10,False,False
9352218001909,ドラゴンアイ スカイ(オーガニックピルスナー) 350ml,アルコール.ゆうき八百屋,C,490,17,0.57,29.824561403508774,0,0,0,0,1.0,10,False,True
9352218005689,URESHI オーガニックティーへレス 350ml,アルコール.ゆうき八百屋,C,590,15,0.47,31.914893617021278,0,0,0,0,1.0,10,False,False
9352218004355,ドーナツビスケット 8枚,UPBEET!,C,360,5,0.77,6.4935064935064934,3,1080,2,720,1.0,10,False,False
9352218006184,アッサムチャイ 1.8gx18袋,おもちゃ箱,C,1200,23,0.23,100.0,0,0,0,0,1.0,10,False,True
14837,ロングルート IPA 355ml,パタゴニア,C,690,19,0.4,47.5,0,0,0,0,1.0,10,False,True
9352218005931,いっしょにぷはぁ〜パッションジンジャー 350ml,ひみつジュース,C,920,10,0.3,33.333333333333336,0,0,0,0,1.0,10,False,True
13327,マヌカハニースティック スタンダード 6本,POT Trading,C,830,9,0.33,27.27272727272727,0,0,0,0,1.0,10,False,True
15715,アンベッサ・トレックミックスmini pack,アンベッサアンドコー,C,480,13,0.57,22.80701754385965,0,0,0,0,1.0,10,False,True
9352218002931,トゥルーガム ミント 21g,旅キッチン,C,480,20,0.57,35.08771929824562,0,0,0,0,1.0,10,False,True
9352218002932,トゥルーガム レモン 21g,旅キッチン,C,480,16,0.57,28.070175438596493,0,0,0,0,1.0,10,False,True
9352218005136,ギュっと玄米 8枚,A.ゆうき八百屋,C,390,5,0.7,7.142857142857143,2,780,2,780,1.0,10,False,True
9352218005164,朱 2025,kiki wine club,C,3900,0,0.07,0.0,1,3900,1,3900,1.0,10,True,True
9352218005836,シャルドネ 白グレープジュース 1000ml,マイベストグラノーラ,C,2100,0,0.13,0.0,2,4200,1,2100,1.0,10,True,True
9352218006228,純国産北海道きなこねじり 100g,ムソー常温,C,390,17,0.7,24.28571428571429,0,0,0,0,1.0,10,False,True
9352218004285,百年はちみつ 液体のど飴スプレー ミント 25ml,創健社常温,C,1600,2,0.17,11.76470588235294,0,0,0,0,1.0,10,False,True
11647,梅ジュース 180ml,グリーンネットワーク,C,280,31,0.97,31.95876288659794,0,0,0,0,1.0,10,False,True
11150,小林牧場物語カリっとゴーダ 35g,創健社常温,C,890,6,0.3,20.0,0,0,0,0,1.0,10,False,True
9352218004774,有機ベビースムージー ゼブラビーツ 100g,おもちゃ箱,C,320,10,0.83,12.048192771084338,0,0,0,0,1.0,10,False,True
9352218004773,有機ベビースムージー パワーパロット 100g,おもちゃ箱,C,320,24,0.83,28.91566265060241,0,0,0,0,1.0,10,False,True
15997,有機ペパーミント 18g,アリサン,C,420,4,0.63,6.349206349206349,3,1260,2,840,1.0,10,False,True
9352218002974,ムササビロッゲン 350ml,ひみつビール,C,970,1,0.27,3.7037037037037033,2,1940,1,970,1.0,10,False,True
15623,米粉のマクロビバターサンド(黒ごま) 42g,チャヤマクロビ,C,390,30,0.67,44.776119402985074,0,0,0,0,1.0,10,False,True
9352218005911,オーガニックざくろジュース100% 180ml ,創健社常温,C,390,11,0.67,16.417910447761194,0,0,0,0,1.0,10,False,True
15517,オーガニック小麦のどらやき 1個,ムソー常温,C,230,16,1.13,14.15929203539823,0,0,0,0,1.0,10,False,True
9352218003067,yaetoco 伊予柑しっとりハンドクリーム 20g,B.ゆうき八百屋,C,700,2,0.37,5.405405405405405,2,1400,1,700,1.0,10,False,True
9352218006660,ベリーA 発光体 2025,kiki wine club,C,3700,0,0.07,0.0,1,3700,1,3700,1.0,10,True,True
9352218003094,DUCK 350ml,ひみつビール,C,1290,0,0.2,0.0,2,2580,2,2580,1.0,10,True,True
9352218001664,栗きんとん 国産栗使用 230g,ムソーおせち,C,1980,0,0.13,0.0,2,3960,1,1980,1.0,10,True,True
9352218004776,有機ベビースムージー ベリーパピー 100g,おもちゃ箱,C,320,51,0.8,63.75,0,0,0,0,1.0,10,False,True
14212,おこげ煎餅 80g,山香煎餅本舗,C,540,11,0.47,23.404255319148938,0,0,0,0,1.0,10,False,True
9352218002253,アーモンドミックス ちりめんのり塩 30g,プレスオルタナティブ,C,500,8,0.5,16.0,0,0,0,0,1.0,10,False,True
9352218005668,Gather&Give 350ml,ひみつビール,C,1080,13,0.23,56.52173913043478,0,0,0,0,1.0,10,False,True
9352218001706,アデリーヴァイツェン 350ml,ひみつビール,C,1080,6,0.23,26.08695652173913,0,0,0,0,1.0,10,False,True
9352218002824,アカチンアナゴールド 350ml,ひみつビール,C,1080,5,0.23,21.73913043478261,0,0,0,0,1.0,10,False,True
9339709006690,ルイボスティー 350ml,パーソナルコンタクト,C,140,34,1.77,19.2090395480226,0,0,0,0,1.0,10,False,True
13794,シチリアレモン 15g,旅キッチン,C,430,5,0.57,8.771929824561404,1,430,1,430,1.0,10,False,True
9352218004357,豆ジャン 豆乳飲料 珈琲 200ml,ムソー常温,C,160,18,1.53,11.76470588235294,0,0,0,0,1.0,10,False,True
14648,SAKURA SMOKED 桜肉燻製ジャーキー 20g,ニックジャーキー,C,1880,0,0.13,0.0,2,3760,1,1880,1.0,10,True,True
10606,パルミエパイ 60g,A.ゆうき八百屋,C,460,0,0.53,0.0,6,2760,5,2300,1.0,10,True,True
15697,グレープグミ 20g×4,ムソー常温,C,460,2,0.53,3.773584905660377,4,1840,3,1380,1.0,10,False,True
9352218004123,低温殺菌ノンホモ牛乳 150ml,須藤牧場,C,260,4,0.93,4.301075268817204,6,1560,5,1300,1.0,10,False,True
9352218005673,純国産卵黄ぼーろ 14g×4袋,ムソー常温,C,290,13,0.83,15.66265060240964,0,0,0,0,1.0,10,False,True
9352218002578,アプリコットのパウンドケーキ,KANEL BREAD,C,650,4,0.37,10.81081081081081,0,0,0,0,1.0,10,False,True
9352218004324,寝かせ玄米ごはんパック 小豆ブレンド 160g,結わえる,C,308,13,0.77,16.883116883116884,0,0,0,0,1.0,10,False,True
9352218004325,寝かせ玄米ごはんパック 黒米ブレンド 160g,結わえる,C,308,13,0.77,16.883116883116884,0,0,0,0,1.0,10,False,True
9352218006358,Happy Holidays! フランボワーズと角切りりんごのジャム,romi-unie,C,1020,2,0.23,8.695652173913043,1,1020,1,1020,1.0,10,False,False
14716,オーガニック玄米もち プレーン 300g,金沢大地,C,780,0,0.3,0.0,3,2340,3,2340,1.0,10,True,True
9352218004133,飲むヨーグルト 100ml,須藤牧場,C,370,0,0.63,0.0,7,2590,6,2220,1.0,10,True,True
9352218003237,あんバター(丸パン) 1個,Garden House Crafts,C,290,0,0.8,0.0,8,2320,8,2320,1.0,10,True,True
9352218004005,SUKUSUKU BALL 20g,ondo,C,490,7,0.47,14.893617021276597,0,0,0,0,1.0,10,False,True
9352218003327,FAR YEAST BLONDE 350ml 缶,FAR YEAST BREWING,C,460,5,0.5,10.0,0,0,0,0,1.0,10,False,True
6256,くるみのクッキー 80g,ガイア,C,460,1,0.5,2.0,4,1840,4,1840,1.0,10,False,True
14679,WO！POPCORN！ 塩味 20g,大泉工場,C,570,22,0.4,55.0,0,0,0,0,1.0,10,False,True
9352218001912,ドラゴンアイ スノー(オーガニックペールエール) 350ml,アルコール.ゆうき八百屋,C,530,6,0.43,13.953488372093023,0,0,0,0,1.0,10,False,True
9352218001911,ドラゴンアイ サン(オーガニックゴールデンエール) 350ml,アルコール.ゆうき八百屋,C,530,21,0.43,48.83720930232558,0,0,0,0,1.0,10,False,True
9352218003299,Organic Brownie Crisps 30g,ブラウンシュガーファースト,C,340,15,0.67,22.388059701492537,0,0,0,0,1.0,10,False,True
9352218004958,フィッシュプロテインバー イカとタコのガリシア風 1本,鈴廣,C,340,0,0.67,0.0,7,2380,6,2040,1.0,10,True,True
9352218003082,よつ葉北海道十勝 おつまみチーズチェダー 30g,C.ゆうき八百屋,C,260,5,0.87,5.747126436781609,4,1040,3,780,1.0,10,False,True
7064,龍馬1865(ノンアルコールビール) 350ml,A.ゆうき八百屋,C,170,47,1.33,35.338345864661655,0,0,0,0,1.0,10,False,True
9352218002437,ひみつのひのきちゃん 350ml,ひみつビール,C,980,0,0.23,0.0,3,2940,2,1960,1.0,10,True,True
9352218002164,ベイビーペンギン 350ml,ひみつビール,C,980,3,0.23,13.043478260869565,0,0,0,0,1.0,10,False,True
9352218004358,豆ジャン 豆乳飲料 青汁 200ml,ムソー常温,C,160,8,1.4,5.714285714285714,6,960,6,960,1.0,10,False,True
11152,有機カモミールティー 350ml,創健社常温,C,280,42,0.8,52.5,0,0,0,0,1.0,10,False,True
16118,純国産ポテトチップスのり塩 53g,ムソー常温,C,240,3,0.9,3.333333333333333,6,1440,6,1440,1.0,10,False,True
9352218003083,よつ葉北海道十勝 おつまみチーズゴーダ 30g,C.ゆうき八百屋,C,260,10,0.83,12.048192771084338,0,0,0,0,1.0,10,False,True
1124,飲むこんにゃくゼリー ぶどう 130g,B.ゆうき八百屋,C,190,5,1.13,4.424778761061948,7,1330,6,1140,1.0,10,False,True
9352218004327,寝かせ玄米ごはんパック 十五穀ブレンド 160g,結わえる,C,339,18,0.63,28.571428571428573,0,0,0,0,1.0,10,False,True
9352218003068,yaetoco さわやかレモンのハンドクリーム 20ｇ,B.ゆうき八百屋,C,700,1,0.3,3.3333333333333335,2,1400,2,1400,1.0,10,False,True
12698,オーガニック オールドファッションレモネード 750ml,ミエプロジェクト,C,1230,9,0.17,52.94117647058823,0,0,0,0,1.0,10,False,True
15430,有機グルテンフリー クッキー オーツ麦・レーズン,オアシス,C,270,58,0.77,75.32467532467533,0,0,0,0,1.0,10,False,True
9339709006897,米粉のマクロビバターサンド(ストロベリー) 45g,チャヤマクロビ,C,390,34,0.53,64.15094339622641,0,0,0,0,1.0,10,False,True
1238,オーガニック玄米もち 黒豆 300g,金沢大地,C,890,0,0.23,0.0,3,2670,2,1780,1.0,10,True,True
15960,プラントベース 有機スプレッド 225g,アリサン,C,680,3,0.3,10.0,0,0,0,0,1.0,10,False,True
9352218006298,バリスタオーツミルク 1000ml,マイナーフィギュアズ,C,550,1,0.37,2.7027027027027026,3,1650,2,1100,1.0,10,False,True
13406,おこっぺ季節の有機セミハードチーズ 80g,ノースプレインファーム,C,750,5,0.27,18.51851851851852,0,0,0,0,1.0,10,False,True
9352218005974,マヨピー 90g,山本佐太郎商店,C,430,30,0.47,63.829787234042556,0,0,0,0,1.0,10,False,True
5615,ほたるいか素干し(いしり) 40g,つりや,C,670,1,0.3,3.3333333333333335,2,1340,2,1340,1.0,10,False,True
13813,キングオブデーツ80g,クラシックオーガニクス,C,540,0,0.37,0.0,4,2160,3,1620,1.0,10,True,True
9352218004141,プラントベースプロテインバー モカカカオ 1個,Wholesum Japan,C,350,1,0.57,1.7543859649122808,5,1750,4,1400,1.0,10,False,True
9352218004141,プラントベースプロテインバー モカカカオ 1個,Wholesum Japan,C,350,1,0.57,1.7543859649122808,5,1750,4,1400,1.0,10,False,True
9352218001969,柿ベースエナジーバー (ミックスベリー) 45g,Wholesum Japan,C,330,0,0.6,0.0,6,1980,6,1980,1.0,10,True,True
9352218001969,柿ベースエナジーバー (ミックスベリー) 45g,Wholesum Japan,C,330,0,0.6,0.0,6,1980,6,1980,1.0,10,True,True
9352218003418,白神野菜スティック 6個,C.ゆうき八百屋,C,460,1,0.43,2.3255813953488373,4,1840,3,1380,1.0,10,False,True
9339709006732,オーガニックダークチョコオレンジ 100g,ニコウトレーディング,C,850,7,0.23,30.434782608695652,0,0,0,0,1.0,10,False,True
9352218004827,オーガニックチョコレートクランベリー 100g,ニコウトレーディング,C,850,23,0.23,100.0,0,0,0,0,1.0,10,False,False
15267,粟国の塩飴 72g,B.ゆうき八百屋,C,390,6,0.5,12.0,0,0,0,0,1.0,10,False,True
9352218004643,ラムパウンドケーキ 1個,KANEL BREAD,C,650,0,0.3,0.0,3,1950,3,1950,1.0,10,True,True
11004,コーヴァル バレルド・ドライジン 500ml,アルコール.ゆうき八百屋,C,6500,5,0.03,166.66666666666669,0,0,0,0,1.0,10,False,True
9352218001673,和三宝糖干菓子 18個,ムソーおせち,C,1500,0,0.13,0.0,2,3000,1,1500,1.0,10,True,True
9339709006906,フェアトレードチョコレート オーガニックラムフィリング 85g,A.ゆうき八百屋,C,970,5,0.2,25.0,0,0,0,0,1.0,10,False,True
1099,カルアシ・チミーのパイ ,A.ゆうき八百屋,C,580,0,0.33,0.0,4,2320,3,1740,1.0,10,True,True
9352218003122,３じのビスケットミニ 70g,山本佐太郎商店,C,260,17,0.73,23.28767123287671,0,0,0,0,1.0,10,False,True
9352218005057,SINプロジェクト シン チャレッロ 750ml,ディオニー,C,2700,2,0.07,28.57142857142857,0,0,0,0,1.0,10,False,False
9352218003171,マハラジャ フルーツアソート グラスジャー 120g,アンベッサアンドコー,C,1080,1,0.17,5.88235294117647,1,1080,1,1080,1.0,10,False,True
9352218002817,ストレートりんごジュース(ぐんま名月/シナノスイート) 720ml,山とりんご,C,1080,1,0.17,5.88235294117647,1,1080,1,1080,1.0,10,False,True
14136,ほうれん草のカリカリ 35g,良品工房,C,390,12,0.47,25.531914893617024,0,0,0,0,1.0,10,False,True
9339709006674,ホールバー デーツ＆ピスタチオ 40g,クラシックオーガニクス,C,290,7,0.63,11.11111111111111,0,0,0,0,1.0,10,False,True
15912,シチリア産塩漬けケッパー100g,B.ゆうき八百屋,C,1400,5,0.13,38.46153846153846,0,0,0,0,1.0,10,False,True
10499,無茶々園のちりめん 40g,A.ゆうき八百屋,C,490,0,0.37,0.0,4,1960,3,1470,1.0,10,True,True
9352218004004,SUKUSUKU BALL 20g,ondo,C,490,7,0.37,18.91891891891892,0,0,0,0,1.0,10,False,True
12048,手のし柿の種 甘辛落花 38g,B.ゆうき八百屋,C,340,6,0.53,11.320754716981131,0,0,0,0,1.0,10,False,True
9352218006360,寝かせ玄米ごはん ゆめぴりか100% 160g,結わえる,C,339,9,0.53,16.9811320754717,0,0,0,0,1.0,10,False,True
9352218002808,GIFT COFFEE BAG ブレンド (5個/set),OVERVIEW COFFEE,C,1780,3,0.1,30.0,0,0,0,0,1.0,10,False,True
9352218002943,キャラメルパウンドケーキ,KANEL BREAD,C,650,0,0.27,0.0,3,1950,2,1300,1.0,10,True,True
9352218005989,生姜スープ (1食分),コスモス食品,C,140,2,1.23,1.6260162601626016,11,1540,10,1400,1.0,10,False,True
9352218003235,シナモンパン 1個,Garden House Crafts,C,430,0,0.4,0.0,4,1720,4,1720,1.0,10,True,True
12842,季節のスコーン 1個,オーボンソレイユ,C,430,0,0.4,0.0,4,1720,4,1720,1.0,10,True,True
15980,KOMBUCHA SHISOボトル 300ml,大泉工場,C,630,1,0.27,3.7037037037037033,2,1260,1,630,1.0,10,False,True
8174,グラノーラ オリジナル 200g,マイベストグラノーラ,C,850,9,0.2,45.0,0,0,0,0,1.0,10,False,True
11586,オホーツクおこっぺ有機ヨーグルト砂糖不使用 150g,ノースプレインファーム,C,320,5,0.53,9.433962264150942,1,320,1,320,1.0,10,False,True
9352218003911,干し芋バー プロテイン 1本,UPBEET!,C,420,0,0.4,0.0,4,1680,4,1680,1.0,10,True,True
9352218005814,木桶仕込み醤油ミックスナッツ 20gx10,田地商店,C,1680,3,0.1,30.0,0,0,0,0,1.0,10,False,True
12423,DEER 鹿肉 20g,ニックジャーキー,C,1290,9,0.13,69.23076923076923,0,0,0,0,1.0,10,False,True
9352218002870,らっこののみもの 350ml,ひみつビール,C,980,0,0.17,0.0,2,1960,1,980,1.0,10,True,True
9352218004071,クロチンアナゴールド 350ml,ひみつビール,C,980,0,0.17,0.0,2,1960,1,980,1.0,10,True,True
9352218002383,HOP ALONe 350ml,ひみつビール,C,980,0,0.17,0.0,2,1960,1,980,1.0,10,True,True
1182,りんごガム 10個,ムソー常温,C,200,26,0.83,31.32530120481928,0,0,0,0,1.0,10,False,True
9339709006908,フェアトレードチョコレート オーガニックストロベリーフィリング 85g,A.ゆうき八百屋,C,970,5,0.17,29.41176470588235,0,0,0,0,1.0,10,False,True
9352218003954,HASSAKU SHOT 720ml,comorebi farm,C,2350,2,0.07,28.57142857142857,0,0,0,0,1.0,10,False,True
9352218004142,プラントベースプロテインバー バナナチョコチップ 1個,Wholesum Japan,C,350,17,0.47,36.17021276595745,0,0,0,0,1.0,10,False,True
9352218004142,プラントベースプロテインバー バナナチョコチップ 1個,Wholesum Japan,C,350,17,0.47,36.17021276595745,0,0,0,0,1.0,10,False,False
41,ビニール袋,フードアンドカンパニー,C,7,0,23.43,0.0,235,1645,234,1638,1.0,10,True,True
128,コーヴァル ドライジン 500ml,アルコール.ゆうき八百屋,D,5400,3,0.03,100.0,0,0,0,0,0.8,10,False,True
11276,きのね堂 メープルクッキー,きのね堂,D,540,0,0.3,0.0,3,1620,2,1080,0.8,10,True,True
9352218005988,ミネストローネ (1食分),コスモス食品,D,180,9,0.9,10.0,0,0,0,0,0.8,10,False,True
9352218005838,カベルネ・ソーヴィニヨン ロゼグレープジュース 330ml,マイベストグラノーラ,D,950,0,0.17,0.0,2,1900,1,950,0.8,10,True,True
15998,有機ジンジャーミント 18g,アリサン,D,420,15,0.37,40.54054054054054,0,0,0,0,0.8,10,False,True
12987,ピーナッツバター ノーマル 180g,サンチャイ,D,2220,5,0.07,71.42857142857142,0,0,0,0,0.8,10,False,True
12988,ピーナッツバター 無糖 180g,サンチャイ,D,2220,5,0.07,71.42857142857142,0,0,0,0,0.8,10,False,True
14676,ラシャス ホットアップルワイン 750ml,アレグレス,D,1550,0,0.1,0.0,1,1550,1,1550,0.8,10,True,True
9352218001598,有機玄米丸もち 500g,A.ゆうき八百屋,D,1190,0,0.13,0.0,2,2380,1,1190,0.8,10,True,True
9339709006872,フェアトレードチョコレート オーガニックビター 50g,A.ゆうき八百屋,D,510,13,0.3,43.333333333333336,0,0,0,0,0.8,10,False,True
15427,ザクロソーダ 355ml,バーチ,D,460,5,0.33,15.15151515151515,0,0,0,0,0.8,10,False,True
9352218001559,伊達巻 220g,おせち.ゆうき八百屋,D,1160,0,0.13,0.0,2,2320,1,1160,0.8,10,True,True
9352218004659,フェアトレードチョコレート オーガニックミルク スペシャルパッケージ 50g,A.ゆうき八百屋,D,500,33,0.3,110.0,0,0,0,0,0.8,10,False,True
9352218002865,ピーナッツバターキャンディ 47g,サンチャイ,D,650,0,0.23,0.0,3,1950,1,650,0.8,10,True,True
8459,ヴィタモン オーガニックレッドグレープジュース 200ml,ミエプロジェクト,D,450,0,0.33,0.0,4,1800,2,900,0.8,10,True,True
9352218004056,Into Whole Bar Orange 1個,日本べリエールアートセンター,D,450,26,0.33,78.78787878787878,0,0,0,0,0.8,10,False,True
9352218004057,Into Whole Bar Matcha 1個,日本べリエールアートセンター,D,450,11,0.33,33.33333333333333,0,0,0,0,0.8,10,False,True
9352218002580,木頭プティショコラ 30g,B.ゆうき八百屋,D,400,13,0.37,35.13513513513514,0,0,0,0,0.8,10,False,True
9352218005837,カベルネ・ソヴィニヨン 赤グレープジュース 1000ml,マイベストグラノーラ,D,2100,0,0.07,0.0,1,2100,1,2100,0.8,10,True,True
1181,ミントガム 10個,ムソー常温,D,200,13,0.73,17.808219178082194,0,0,0,0,0.8,10,False,True
9339709006676,ホールバー ピーナッツバターチャイ 40g,クラシックオーガニクス,D,290,5,0.5,10.0,0,0,0,0,0.8,10,False,True
15979,KOMBUCHA YUZUボトル 300ml,大泉工場,D,630,3,0.23,13.043478260869565,0,0,0,0,0.8,10,False,True
8005,ポテトチップ ソルト&ペッパー 141g,ミエプロジェクト,D,850,6,0.17,35.29411764705882,0,0,0,0,0.8,10,False,True
14115,焼き芋ジャム 150g,風と土,D,850,2,0.17,11.76470588235294,0,0,0,0,0.8,10,False,True
11514,KAGUA Rouge 330ml,FAR YEAST BREWING,D,720,14,0.2,70.0,0,0,0,0,0.8,10,False,True
9352218006659,#Original Rouge (mix) 2024,kiki wine club,D,4800,3,0.03,100.0,0,0,0,0,0.8,10,False,True
15799,ぺルビアン・ゴールデンインカベリーmini pack,アンベッサアンドコー,D,480,12,0.3,40.0,0,0,0,0,0.8,10,False,True
1191,メイシーちゃんのおきにいり いちごとぶどうのラムネ 80g,創健社常温,D,360,5,0.4,12.5,0,0,0,0,0.8,10,False,True
9352218005809,ガタオCAN レッド 250ml,木下インターナショナル,D,480,5,0.3,16.666666666666668,0,0,0,0,0.8,10,False,True
9352218001968,柿ベースエナジーバー (シーソルトチョコレート) 45g,Wholesum Japan,D,330,0,0.43,0.0,5,1650,3,990,0.8,10,True,True
9352218001968,柿ベースエナジーバー (シーソルトチョコレート) 45g,Wholesum Japan,D,330,0,0.43,0.0,5,1650,3,990,0.8,10,True,True
12500,アップルグミ 20g×4,ムソー常温,D,430,1,0.33,3.0303030303030303,3,1290,1,430,0.8,10,False,True
9352218002357,ストロベリー パスティーユ 15g,旅キッチン,D,430,1,0.33,3.0303030303030303,3,1290,1,430,0.8,10,False,True
9352218002706,KAWAUSOエンヤー 350ml,ひみつビール,D,1080,0,0.13,0.0,2,2160,1,1080,0.8,10,True,True
13790,オーサワの有機立科みそ汁,オーサワジャパン常温,D,200,3,0.7,4.285714285714286,4,800,3,600,0.8,10,False,True
9352218005535,BOAR 奥八女猪 20g,ニックジャーキー,D,1400,5,0.1,50.0,0,0,0,0,0.8,10,False,False
9352218002126,有機バリスタオーツミルク 1000ml,マイナーフィギュアズ,D,820,1,0.17,5.88235294117647,1,820,1,820,0.8,10,False,True
13814,ゴールデンデーツ 80g,クラシックオーガニクス,D,460,3,0.3,10.0,0,0,0,0,0.8,10,False,True
9352218002597,mみかん,ゆうき八百屋/温市/グリーンネットワーク,D,340,0,0.4,0.0,4,1360,3,1020,0.8,10,True,True
16147,オーガニックポテトチップス ホワイトトリュフ 85g,オーサワジャパン常温,D,590,3,0.23,13.043478260869565,0,0,0,0,0.8,10,False,True
10584,山形代表 ぶどう160g,ケイウンオフィスサポート,D,190,1,0.7,1.4285714285714286,6,1140,4,760,0.8,10,False,True
11019,ワインギフト,フードアンドカンパニー,D,100,0,1.33,0.0,14,1400,10,1000,0.8,10,True,True
9352218003566,Caramel Bretagne キャラメルと発酵バターとゲランドの塩 80g,romi-unie,D,1020,1,0.13,7.692307692307692,1,1020,1,1020,0.8,10,False,True
13692,龍馬LEMON (ノンアルコールビール)350ml,A.ゆうき八百屋,D,170,20,0.77,25.974025974025974,0,0,0,0,0.8,10,False,True
12932,チョコサンド,きのね堂,D,770,0,0.17,0.0,2,1540,1,770,0.8,10,True,True
8945,有機スパークリング　ライムエイド　330ml,アリサン,D,480,1,0.27,3.7037037037037033,2,960,1,480,0.8,10,False,True
12203,全粒粉のスコーン 1個,オーボンソレイユ,D,350,0,0.37,0.0,4,1400,2,700,0.8,10,True,True
9352218003172,マハラジャ ナッツアソート グラスジャー 120g,アンベッサアンドコー,D,1290,2,0.1,20.0,0,0,0,0,0.8,10,False,True
7344,有機スパークリング パッションフルーツエイド 330ml,アリサン,D,430,8,0.3,26.666666666666668,0,0,0,0,0.8,10,False,True
9352218006193,繁土 ミニ 2025 150ml,パタゴニア,D,640,0,0.2,0.0,2,1280,1,640,0.8,10,True,True
11391,いなほパンケーキミックス 240g,マリールゥ,D,980,4,0.13,30.769230769230766,0,0,0,0,0.8,10,False,True
9352218002507,KAWASEMI GRISETTE 350ml,ひみつビール,D,970,0,0.13,0.0,2,1940,1,970,0.8,10,True,True
9012,白神 チーズテーブルロール 3個入,C.ゆうき八百屋,D,380,1,0.33,3.0303030303030303,3,1140,1,380,0.8,10,False,True
11970,紫いも黒ごまスイートポテトベーグル 1個,アフィダメントベーグル,D,380,0,0.33,0.0,4,1520,2,760,0.8,10,True,True
9352218001807,お芋のカリカリ 35g,良品工房,D,380,25,0.33,75.75757575757575,0,0,0,0,0.8,10,False,True
13207,きらず揚げ(しお) 100g,B.ゆうき八百屋,D,290,2,0.43,4.651162790697675,3,870,1,290,0.8,10,False,True
13372,おこっぺ有機ゴーダチーズ 80g,ノースプレインファーム,D,730,6,0.17,35.29411764705882,0,0,0,0,0.8,10,False,True
14061,アルル塩80g,たかはしよしこ,D,1230,13,0.1,130.0,0,0,0,0,0.8,10,False,True
11513,KAGUA Blanc 330ml,FAR YEAST BREWING,D,720,12,0.17,70.58823529411764,0,0,0,0,0.8,10,False,True
9352218005801,ドロップクッキー クランベリーアーモンド 7個,ココシュシュ,D,720,0,0.17,0.0,2,1440,1,720,0.8,10,True,True
9352218004687,オーガニックココナッツウォーター 330ml,ムソー常温,D,370,2,0.33,6.0606060606060606,2,740,1,370,0.8,10,False,True
9352218006244,コーヴァル クランベリー ジンリキュール 500ml,アルコール.ゆうき八百屋,D,3980,2,0.03,66.66666666666667,0,0,0,0,0.8,10,False,True
1471,オーガニックルイボスティー ライト 350ml,A.ゆうき八百屋,D,170,28,0.7,40.0,0,0,0,0,0.8,10,False,True
14135,ごぼうのカリカリ 35g,良品工房,D,390,27,0.3,90.0,0,0,0,0,0.8,10,False,True
12468,飲む柑橘ゼリー 温州みかん 160g,B.ゆうき八百屋,D,430,0,0.27,0.0,3,1290,2,860,0.8,10,True,True
7345,有機スパークリング  ブラッドオレンジエイド 330ml,アリサン,D,430,8,0.27,29.629629629629626,0,0,0,0,0.8,10,False,True
9352218003238,メロンパン 1個,Garden House Crafts,D,290,0,0.4,0.0,4,1160,3,870,0.8,10,True,True
9352218005153,オーガニックミックスナッツ 65g,ムソー常温,D,580,6,0.2,30.0,0,0,0,0,0.8,10,False,True
9352218005103,サクサクいりこまめ 40g,やまくに,D,680,11,0.17,64.70588235294117,0,0,0,0,0.8,10,False,True
9352218006066,カフェオレベース 500ml,カフェ・ヴィヴモン・ディモンシュ,D,1648,2,0.07,28.57142857142857,0,0,0,0,0.8,10,False,True
9352218005385,魚麹ラー油 85g,FUSABUSA,D,1150,1,0.1,10.0,0,0,0,0,0.8,10,False,True
9352218003312,カスタード＆ヘーゼルナッツベーグル 1個,アフィダメントベーグル,D,380,0,0.3,0.0,3,1140,2,760,0.8,10,True,True
9352218004957,フィッシュプロテインバー 5種のチーズのホタテグラタン風 1本,鈴廣,D,340,8,0.33,24.242424242424242,0,0,0,0,0.8,10,False,True
9352218004352,百年はちみつ 液体のど飴スプレー グレープ 25ml,創健社常温,D,1600,3,0.07,42.857142857142854,0,0,0,0,0.8,10,False,True
15800,ターキッシュ・ワイルドアプリコットmini pack,アンベッサアンドコー,D,480,3,0.23,13.043478260869565,0,0,0,0,0.8,10,False,True
9352218002124,大地のかりんとう塩 80g,山本佐太郎商店,D,480,17,0.23,73.91304347826086,0,0,0,0,0.8,10,False,True
9352218005828,マリールゥのパンケーキミックス 抹茶 300g,マリールゥ,D,1100,9,0.1,90.0,0,0,0,0,0.8,10,False,True
1525,山形代表 もも 160g,ケイウンオフィスサポート,D,190,43,0.57,75.43859649122808,0,0,0,0,0.8,10,False,True
9352218004103,レザーウッドハニー＋ハーブキャンディ 生姜レモン味 51g,創健社常温,D,540,0,0.2,0.0,2,1080,1,540,0.8,10,True,True
9352218003236,クロワッサン 1個,Garden House Crafts,D,290,0,0.37,0.0,4,1160,2,580,0.8,10,True,True
12985,ピーナッツバター ノーマル 100g,サンチャイ,D,1530,1,0.07,14.285714285714285,0,0,0,0,0.8,10,False,True
9352218004284,UPBEET!クッキー カルダモン 60g,UPBEET!,D,460,2,0.23,8.695652173913043,1,460,1,460,0.8,10,False,False
9352218004775,有機ベビースムージー ブルーバード 100g,おもちゃ箱,D,320,22,0.33,66.66666666666666,0,0,0,0,0.8,10,False,True
9352218001758,畑と麦2025 350ml,ひみつビール,D,1020,0,0.1,0.0,1,1020,1,1020,0.8,10,True,True
8482,のどガム 10個,ムソー常温,D,200,17,0.5,34.0,0,0,0,0,0.8,10,False,True
9352218001790,ココナッツキャラメルポップコーン 50g,ブラウンシュガーファースト,D,490,6,0.2,30.0,0,0,0,0,0.8,10,False,True
13589,東京ブッラータ 150g,渋谷CHEESE STAND,D,1390,0,0.07,0.0,1,1390,1,1390,0.8,10,True,True
9352218006773,フェアトレードチョコレートオーガニック  オレンジ＆レモンフィリング 85g,A.ゆうき八百屋,D,970,6,0.1,60.0,0,0,0,0,0.8,10,False,True
9352218002794,KANEL BREAD クリスマスシュトーレン,KANEL BREAD,D,3200,0,0.03,0.0,1,3200,1,3200,0.8,10,True,True
9352218005839,シャルドネ 白グレープジュース 330ml,マイベストグラノーラ,D,950,0,0.1,0.0,1,950,1,950,0.8,10,True,True
9352218005891,サルサ・マチャ 200g,New Classic,D,1350,0,0.07,0.0,1,1350,1,1350,0.8,10,True,True
9352218004140,プラントベースプロテインバー トロピカルココナッツ 1個,Wholesum Japan,D,350,0,0.27,0.0,3,1050,2,700,0.8,10,True,True
9352218004140,プラントベースプロテインバー トロピカルココナッツ 1個,Wholesum Japan,D,350,0,0.27,0.0,3,1050,2,700,0.8,10,True,True
15962,有機ストリングチーズ 28g 1本,アリサン,D,280,0,0.33,0.0,4,1120,2,560,0.8,10,True,True
9352218003955,ISLANDER 200ml,comorebi farm,D,530,1,0.17,5.88235294117647,1,530,1,530,0.8,10,False,True
14134,玉ねぎのカリカリ 35g,良品工房,D,390,26,0.23,113.04347826086956,0,0,0,0,0.8,10,False,True
12597,アップルシナモンウォールナッツベーグル 1個,アフィダメントベーグル,D,380,0,0.23,0.0,3,1140,1,380,0.8,10,True,True
9352218004090,ほうじ茶ベーグル 1個,アフィダメントベーグル,D,380,0,0.23,0.0,3,1140,1,380,0.8,10,True,True
9352218002263,ラムレーズンクリームチーズベーグル 1個,アフィダメントベーグル,D,380,1,0.23,4.3478260869565215,2,760,1,380,0.8,10,False,True
9352218004647,KIMINO GYOKURO プレミアムグリーンティ 缶 190g,キミノドリンク,D,380,5,0.23,21.73913043478261,0,0,0,0,0.8,10,False,True
1109,有機グリーンピースチップス 45g,ムソー常温,D,290,6,0.3,20.0,0,0,0,0,0.8,10,False,True
9352218003457,有機ナチョスチップス 125g,ボーアンドボン,D,500,1,0.17,5.88235294117647,1,500,1,500,0.8,10,False,True
9352218002254,アーモンドミックス 桜えびペペロンチーノ 30g,プレスオルタナティブ,D,500,4,0.17,23.52941176470588,0,0,0,0,0.8,10,False,True
15999,有機カフェエクスプレス 18g,アリサン,D,420,19,0.2,95.0,0,0,0,0,0.8,10,False,True
9352218005985,オニオンスープ (1食分),コスモス食品,D,140,0,0.6,0.0,6,840,4,560,0.8,10,True,True
16056,センチュリー ポンペルモロッソ 335ml,バーチ,D,590,0,0.13,0.0,2,1180,1,590,0.8,10,True,True
11589,おこっぺバタークリームケーキ 1個,ノースプレインファーム,D,450,0,0.17,0.0,2,900,1,450,0.8,10,True,True
9352218002675,ココアホワイトチョコツイストベーグル 1個,アフィダメントベーグル,D,380,0,0.2,0.0,2,760,1,380,0.8,10,True,True
9339709006725,黒蜜きなこベーグル 1個,アフィダメントベーグル,D,380,0,0.2,0.0,2,760,1,380,0.8,10,True,True
9352218001669,有機米使用一体型お供え餅 白米 160g,ムソーおせち,D,580,0,0.13,0.0,2,1160,1,580,0.8,10,True,True
9352218002386,コンフィチュール(プレーン) 275g,山とりんご,D,1050,1,0.07,14.285714285714285,0,0,0,0,0.8,10,False,True
14020,オーガニックチョコレート ストロベリー 37g,ムソー常温,D,720,12,0.1,120.0,0,0,0,0,0.8,10,False,True
9352218002813,CRACKERS チーズのOTOMO 20枚,渋谷CHEESE STAND,D,2350,1,0.03,33.333333333333336,0,0,0,0,0.8,10,False,True
9352218002909,RICE HACK 350ml,ひみつビール,D,980,0,0.07,0.0,1,980,1,980,0.8,10,True,True
9352218006219,ビバ・ラ・ビター 350ml,ひみつビール,D,970,1,0.07,14.285714285714285,0,0,0,0,0.8,10,False,True
9352218002130,玄米もちっこ 70g,A.ゆうき八百屋,D,390,0,0.17,0.0,2,780,1,390,0.8,10,True,True
9352218003221,草譯 200ml,草譯,D,2200,0,0.03,0.0,1,2200,1,2200,0.8,10,True,True
1184,香蓮飴 100g,B.ゆうき八百屋,D,500,2,0.13,15.384615384615383,0,0,0,0,0.8,10,False,True
9352218001636,国産小麦のベルギーワッフル(ココア) 1個,ムソー常温,D,240,0,0.27,0.0,3,720,2,480,0.8,10,True,True
15977,KOMBUCHA ORIGINALボトル 300ml,大泉工場,D,630,10,0.1,100.0,0,0,0,0,0.8,10,False,True
11793,m八朔,ゆうき八百屋/温市/グリーンネットワーク,D,370,0,0.17,0.0,2,740,1,370,0.8,10,True,True
148,山形代表 ら・ふらんす 160g,ケイウンオフィスサポート,D,190,66,0.33,200.0,0,0,0,0,0.8,10,False,True
11976,山形代表 とまと 160g,ケイウンオフィスサポート,D,190,32,0.33,96.96969696969697,0,0,0,0,0.8,10,False,True
9352218005943,大地のかりんとう カカオ 70g,山本佐太郎商店,D,480,25,0.13,192.3076923076923,0,0,0,0,0.8,10,False,True
9352218005703,ごろごろ野菜の麻辣丼 150g,結わえる,D,480,5,0.13,38.46153846153846,0,0,0,0,0.8,10,False,True
9352218005986,わかめスープ (1食分),コスモス食品,D,140,10,0.43,23.25581395348837,0,0,0,0,0.8,10,False,True
9352218002091,米糀のあまさけ wake up green 135g,小嶋総本店,D,460,0,0.13,0.0,2,920,1,460,0.8,10,True,True
9339709006840,モルトクラッカー 120g,田地商店,D,830,1,0.07,14.285714285714285,0,0,0,0,0.8,10,False,True
9352218005154,オーガニックナッツ＆フルーツ 75g,ムソー常温,D,580,10,0.1,100.0,0,0,0,0,0.8,10,False,True
11828,おこっぺ有機チーズモッツァレラ 100g,ノースプレインファーム,D,820,0,0.07,0.0,1,820,1,820,0.8,10,True,True
9352218001635,国産小麦のベルギーワッフル(バター) 1個,ムソー常温,D,240,0,0.23,0.0,3,720,1,240,0.8,10,True,True
9352218005889,トルティーヤチップス 80g,New Classic,D,540,0,0.1,0.0,1,540,1,540,0.8,10,True,True
9352218001806,人参のカリカリ 35g,良品工房,D,390,35,0.13,269.2307692307692,0,0,0,0,0.8,10,False,True
13588,出来立てリコッタ 100g,渋谷CHEESE STAND,D,690,0,0.07,0.0,1,690,1,690,0.8,10,True,True
14718,20種類のお茶 20袋,おもちゃ箱,E,1590,9,0.03,300.0,0,0,0,0,0.6,10,False,True
9352218001625,UPBEET!クッキー THEオリジナル 50g,UPBEET!,E,460,0,0.1,0.0,1,460,1,460,0.6,10,True,True
12986,ピーナッツバター 無糖 100g,サンチャイ,E,1530,8,0.03,266.6666666666667,0,0,0,0,0.6,10,False,True
9352218004395,ホリデーパウンドケーキ 1個,KANEL BREAD,E,650,0,0.07,0.0,1,650,1,650,0.6,10,True,True
9352218004331,蒲鉾うろこちゃん白 150g,おせち.ゆうき八百屋,E,650,0,0.07,0.0,1,650,1,650,0.6,10,True,True
9352218001667,有機玄米使用七草がゆ 2人前,ムソーおせち,E,580,0,0.07,0.0,1,580,1,580,0.6,10,True,True
9352218006005,オーガニック ポタージュ トマト (1食分),コスモス食品,E,230,55,0.17,323.52941176470586,0,0,0,0,0.6,10,False,True
1325,有機オートミール 500g,B.ゆうき八百屋,E,540,2,0.07,28.57142857142857,0,0,0,0,0.6,10,False,True
9339709006761,ムール貝 オリーブオイル漬 レモンハーブ 120g,パタゴニア,E,1200,0,0.03,0.0,1,1200,1,1200,0.6,10,True,True
45,ギフトボックス,フードアンドカンパニー,E,350,0,0.1,0.0,1,350,1,350,0.6,10,True,True
2115,有機きな粉 80g,金沢大地,E,320,0,0.1,0.0,1,320,1,320,0.6,10,True,True
9339709006846,オーガニックキッズカクテルジュース 200ml,ミエプロジェクト,E,450,22,0.07,314.2857142857143,0,0,0,0,0.6,10,False,True
15448,オーガニックミニプレッツェル 40g,オーサワジャパン常温,E,300,1,0.1,10.0,0,0,0,0,0.6,10,False,True
9352218002807,mハーブ各種,ゆうき八百屋/温市/グリーンネットワーク,E,390,0,0.07,0.0,1,390,1,390,0.6,10,True,True
9352218006006,オーガニック ポタージュ コーン (1食分),コスモス食品,E,230,54,0.1,540.0,0,0,0,0,0.6,10,False,True
9352218003298,Organic Coconut Crisps30g,ブラウンシュガーファースト,E,320,15,0.07,214.28571428571428,0,0,0,0,0.6,10,False,True
14170,オーガニックチョコレート ハイカカオ 37g,ムソー常温,E,720,13,0.03,433.33333333333337,0,0,0,0,0.6,10,False,True
9339709006864,オーガニックチョコレート スパイス 37g,ムソー常温,E,720,14,0.03,466.6666666666667,0,0,0,0,0.6,10,False,True
9352218002934,KOMBUCHA HOP BREEZEボトル 300ml,大泉工場,E,630,9,0.03,300.0,0,0,0,0,0.6,10,False,True
9352218001648,カネルブレッド　ギフトBOX,KANEL BREAD,E,180,0,0.1,0.0,1,180,1,180,0.6,10,True,True
9352218006774,フェアトレードチョコレート オーガニック ホワイトラズベリー 限定パッケージ 40g,A.ゆうき八百屋,E,510,40,0.03,1333.3333333333335,0,0,0,0,0.6,10,False,True
14638,有機マテ茶 330ml,アリサン,E,490,15,0.03,500.0,0,0,0,0,0.6,10,False,True
15798,ターキッシュ・ドライフィグ・スミルナ mini pack,アンベッサアンドコー,E,480,3,0.03,100.0,0,0,0,0,0.6,10,False,True
10883,ビスコッティ 80g,ガイア,E,480,0,0.03,0.0,1,480,1,480,0.6,10,True,True
9352218004059,Into Direct 3pcs,日本べリエールアートセンター,E,420,1,0.03,33.333333333333336,0,0,0,0,0.6,10,False,True
9352218003053,NICK JERKYギフトBOX,ニックジャーキー,E,330,2,0.03,66.66666666666667,0,0,0,0,0.6,10,False,True
13699,オリジナル段ボール大/小,フードアンドカンパニー,E,100,0,0.07,0.0,1,100,1,100,0.6,10,True,True
9352218002844,紙袋S,フードアンドカンパニー,E,30,0,0.17,0.0,2,60,1,30,0.6,10,True,True
14083,よつ葉 DESSERT YOGHURT 100g,C.ゆうき八百屋,E,160,3,0.03,100.0,0,0,0,0,0.6,10,False,True
14230,カトラリー類/保冷剤,フードアンドカンパニー,E,5,0,0.23,0.0,3,15,1,5,0.6,10,True,True
9352218002591,柚子マンジェ 30g,B.ゆうき八百屋,E,280,0,0.0,999.0,0,0,0,0,0.6,10,False,True
12434,KAGUAギフトBOX,FAR YEAST BREWING,E,200,32,0.0,999.0,0,0,0,0,0.6,10,False,False
12603,FY缶ギフトBOX,FAR YEAST BREWING,E,160,23,0.0,999.0,0,0,0,0,0.6,10,False,False
11034,白神ソフトレーズンパン68g×3,C.ゆうき八百屋,E,480,0,0.0,999.0,0,0,0,0,0.6,10,False,True
9352218006502,ソイマヨ オリジナル 130g,from the farm KYOTO,E,1380,8,0.0,999.0,0,0,0,0,0.6,10,False,False
9352218006503,ソイマヨ ハーブ＆ガーリック 130g,from the farm KYOTO,E,1380,8,0.0,999.0,0,0,0,0,0.6,10,False,False
9339709006918,go! MUFFINS go! 2025ウィンタークッキー缶,go! MUFFINS go!,E,2950,0,0.0,999.0,0,0,0,0,0.6,10,False,True
9352218006527,米粉の星型クッキーの詰め合わせ,go! MUFFINS go!,E,907,0,0.0,999.0,0,0,0,0,0.6,10,False,True
9339709006779,紫いも(ショートブレッド),go! MUFFINS go!,E,720,0,0.0,999.0,0,0,0,0,0.6,10,False,True
9352218005157,Kiki Original Rouge 2023 ,kiki wine club,E,4600,0,0.0,999.0,0,0,0,0,0.6,10,False,True
9352218005162,アンフォラビアンコ 2022,kiki wine club,E,4300,0,0.0,999.0,0,0,0,0,0.6,10,False,True
9352218005900,Hand to Hand [Rosalio Bianco] 2024,kiki wine club,E,3800,0,0.0,999.0,0,0,0,0,0.6,10,False,True
9352218006187,スチューベン 2023,kiki wine club,E,4200,0,0.0,999.0,0,0,0,0,0.6,10,False,True
9352218006213,ゲラゲラ2024,kiki wine club,E,3400,0,0.0,999.0,0,0,0,0,0.6,10,False,True
9352218006345,BOURGEONEMENT 2024　,kiki wine club,E,3900,0,0.0,999.0,0,0,0,0,0.6,10,False,True
9352218006347,MAISON DROP ROUGE 2024,kiki wine club,E,3300,0,0.0,999.0,0,0,0,0,0.6,10,False,True
9352218005883,ベリーA 発光体 2024,kiki wine club,E,3900,0,0.0,999.0,0,0,0,0,0.6,10,False,True
9352218005884,Please don't be sad 2023 / 悲しまないで,kiki wine club,E,5100,0,0.0,999.0,0,0,0,0,0.6,10,False,True
9352218006336,ゴクローサワー 2024,kiki wine club,E,3000,0,0.0,999.0,0,0,0,0,0.6,10,False,True
9352218006337,Impulse! 2024,kiki wine club,E,4000,0,0.0,999.0,0,0,0,0,0.6,10,False,True
9352218006564,Ordinery Orange 2024,kiki wine club,E,3500,0,0.0,999.0,0,0,0,0,0.6,10,False,True
9352218003293,あんこまるパン,Garden House Crafts,E,250,12,0.0,999.0,0,0,0,0,0.6,10,False,False
9352218006597,ミルクティーショートブレッド（ハーフサイズ）,KANEL BREAD,E,280,0,0.0,999.0,0,0,0,0,0.6,10,False,True
9352218006415,ホリデー焼き菓子ギフトボックス,KANEL BREAD,E,3200,0,0.0,999.0,0,0,0,0,0.6,10,False,True
9352218006596,ダブルチョコブラウニー（ハーフサイズ）,KANEL BREAD,E,280,0,0.0,999.0,0,0,0,0,0.6,10,False,True
9352218006598,フロランタン,KANEL BREAD,E,800,0,0.0,999.0,0,0,0,0,0.6,10,False,True
9352218006599,フィナンシェプレーン,KANEL BREAD,E,320,0,0.0,999.0,0,0,0,0,0.6,10,False,True
9352218006600,チョコナッツ＆オーツ,KANEL BREAD,E,580,0,0.0,999.0,0,0,0,0,0.6,10,False,True
9352218006595,クリスマスサブレ,KANEL BREAD,E,200,0,0.0,999.0,0,0,0,0,0.6,10,False,True
9352218002715,COFFEE BAG LATIN AMERICA 1個,OVERVIEW COFFEE,E,320,9,0.0,999.0,0,0,0,0,0.6,10,False,False
9352218002646,COFFEE BAG AFRICA 1個,OVERVIEW COFFEE,E,320,8,0.0,999.0,0,0,0,0,0.6,10,False,False
20240723366,酵母スコーン(プレーン) 1個,kiln Kamakura,E,400,10,0.0,999.0,0,0,0,0,0.6,10,False,False
9352218005386,魚麹白ラー油 85g,FUSABUSA,E,1150,0,0.0,999.0,0,0,0,0,0.6,10,False,True
9352218005388,発酵バーニャカウダ 85g,FUSABUSA,E,1250,0,0.0,999.0,0,0,0,0,0.6,10,False,True
9352218006497,ミニマルバウム 1個,Minimal chocolate,E,2480,0,0.0,999.0,0,0,0,0,0.6,10,False,True
9352218001626,UPBEET!ドーナツ クリスマスリース ピスタチオ 1個,UPBEET!,E,480,0,0.0,999.0,0,0,0,0,0.6,10,False,True
9352218003408,セッション柚子エール 350ml,アルコール.ゆうき八百屋,E,360,0,0.0,999.0,0,0,0,0,0.6,10,False,True
9352218002988,特別純米酒 白老 春うららカップ 180ml,アルコール.ゆうき八百屋,E,470,6,0.0,999.0,0,0,0,0,0.6,10,False,False
9352218001694,ワイルドフォーク シラーズ 750ml,アルコール.ゆうき八百屋,E,3480,2,0.0,999.0,0,0,0,0,0.6,10,False,True
9352218002745,Ambessa&Co. シュトレン カカオ＆マロン (ハーフ),アンベッサアンドコー,E,1800,0,0.0,999.0,0,0,0,0,0.6,10,False,True
9352218002746,Ambessa&Co. シュトレン ヴィーガン (ハーフ),アンベッサアンドコー,E,1800,0,0.0,999.0,0,0,0,0,0.6,10,False,True
9352218002747,Ambessa&Co. シュトレン Nuss ハーフ,アンベッサアンドコー,E,1800,0,0.0,999.0,0,0,0,0,0.6,10,False,True
12064,グリーンティホワイトチョコ+プレーンツイストベーグル 1個,アフィダメントベーグル,E,380,0,0.0,999.0,0,0,0,0,0.6,10,False,True
7295,ダブルベリーマカダミアナッツベーグル 1個,アフィダメントベーグル,E,380,0,0.0,999.0,0,0,0,0,0.6,10,False,True
9352218003917,Caramel Bretagne キャラメルと発酵バターとゲランドの塩 190g,romi-unie,E,1720,0,0.0,999.0,0,0,0,0,0.6,10,False,True
9352218002831,土田生酛 180ml,きょうの日本酒,E,1670,0,0.0,999.0,0,0,0,0,0.6,10,False,True
9352218002833,きょうの日本酒 ギフトボックス 1ヶ,きょうの日本酒,E,540,0,0.0,999.0,0,0,0,0,0.6,10,False,True
9352218002900,恵那山 180ml,きょうの日本酒,E,1400,0,0.0,999.0,0,0,0,0,0.6,10,False,True
9352218005802,つばめとクローバーのクッキー缶 8種入,ココシュシュ,E,3690,0,0.0,999.0,0,0,0,0,0.6,10,False,True
8852,ローズヒップ・ハイビスカスティー 18×3g,おもちゃ箱,E,1290,0,0.0,999.0,0,0,0,0,0.6,10,False,True
9352218006283,クリスマスカウントダウンのお茶 24袋,おもちゃ箱,E,1600,0,0.0,999.0,0,0,0,0,0.6,10,False,True
9352218006285,ウィンターカカオチャイ 18袋,おもちゃ箱,E,1200,0,0.0,999.0,0,0,0,0,0.6,10,False,True
9352218006284,ウィンターギフトアソート 2025 18袋,おもちゃ箱,E,1400,0,0.0,999.0,0,0,0,0,0.6,10,False,True
12251,モンテプルチアーノ・ダブルッツォ 3000ml,ディオニー,E,5100,3,0.0,999.0,0,0,0,0,0.6,10,False,True
9352218002983,レピキュリユー レニエ シャシャ 720ml,ディオニー,E,3900,0,0.0,999.0,0,0,0,0,0.6,10,False,True
14448,キュヴェ・ギョタク 750ml,ヌーヴェルセレクション,E,4200,3,0.0,999.0,0,0,0,0,0.6,10,False,True
9352218006444,sakura 750ml (発泡ロゼ),ヌーヴェルセレクション,E,3300,4,0.0,999.0,0,0,0,0,0.6,10,False,False
14077,sakura 750ml (発泡ロゼ),ヌーヴェルセレクション,E,3300,0,0.0,999.0,0,0,0,0,0.6,10,False,True
12421,KOBEBEEF 神戸ビーフジャーキー 20g,ニックジャーキー,E,2190,0,0.0,999.0,0,0,0,0,0.6,10,False,True
9352218002006,ガルバニーナギフトBOX,バーチ,E,400,1,0.0,999.0,0,0,0,0,0.6,10,False,True
14060,エジプト塩ミニ30g,たかはしよしこ,E,590,0,0.0,999.0,0,0,0,0,0.6,10,False,True
9352218002341,大地の記憶 350ml,ひみつビール,E,1080,0,0.0,999.0,0,0,0,0,0.6,10,False,True
9352218002451,イカチュウチュウ 350ml,ひみつビール,E,1020,0,0.0,999.0,0,0,0,0,0.6,10,False,True
9352218002616,ユズヤガラ 350ml,ひみつビール,E,1080,0,0.0,999.0,0,0,0,0,0.6,10,False,True
9352218002651,イッカクはユニコーンの夢をみる 350ml,ひみつビール,E,980,0,0.0,999.0,0,0,0,0,0.6,10,False,True
9352218002696,ひみつのしゅわしゅわデラウェア2024 750ml,ひみつビール,E,3340,0,0.0,999.0,0,0,0,0,0.6,10,False,True
9352218002994,アザラシミルクコーヒー 350ml,ひみつビール,E,1390,1,0.0,999.0,0,0,0,0,0.6,10,False,True
9352218003028,ChaO 350ml,ひみつビール,E,1180,0,0.0,999.0,0,0,0,0,0.6,10,False,True
9352218002659,桃の紅茶 350ml,ひみつビール,E,1080,1,0.0,999.0,0,0,0,0,0.6,10,False,True
9352218003850,マーガオソーセージ 3本,ピュアファーム,E,960,0,0.0,999.0,0,0,0,0,0.6,10,False,True
14830,出雲年越しそばセット  4人前(100g×4),ムソーおせち,E,1980,0,0.0,999.0,0,0,0,0,0.6,10,False,True
5185,配送代,フードアンドカンパニー,E,0,0,0.0,999.0,0,0,0,0,0.6,10,False,True
9339709006715,クーポン券3回目,フードアンドカンパニー,E,-200,0,0.0,999.0,0,0,0,0,0.6,10,False,True
8176,グラノーラ チェリー＆ピスタチオ 200g,マイベストグラノーラ,E,900,18,0.0,999.0,0,0,0,0,0.6,10,False,False
9352218003960,アップル&シナモングラノーラ 200g,マイベストグラノーラ,E,830,0,0.0,999.0,0,0,0,0,0.6,10,False,True
9352218002226,パタゴニアビール6本BOX,パタゴニア,E,330,2,0.0,999.0,0,0,0,0,0.6,10,False,False
9339709006759,ムール貝 オリーブオイル漬 スモーク 120g,パタゴニア,E,1200,0,0.0,999.0,0,0,0,0,0.6,10,False,True
12615,ロングルート ウィット 355ml,パタゴニア,E,690,0,0.0,999.0,0,0,0,0,0.6,10,False,True
9339709006845,オーガニック フルーツミックスジュース 200ml,ミエプロジェクト,E,460,24,0.0,999.0,0,0,0,0,0.6,10,False,False
9352218006068,チキンキーママタール 210g,フライングサーカス,E,1000,0,0.0,999.0,0,0,0,0,0.6,10,False,True
9352218006074,ジャマイカンカリーチキン 210g,フライングサーカス,E,1000,0,0.0,999.0,0,0,0,0,0.6,10,False,True
9352218002886,mいちご(パック),ゆうき八百屋/温市/グリーンネットワーク,E,1880,0,0.0,999.0,0,0,0,0,0.6,10,False,True
9352218002816,りんごのコンフィチュール(スパイス) 275g,山とりんご,E,1050,0,0.0,999.0,0,0,0,0,0.6,10,False,True
15665,東京白カビチーズ 90g,渋谷CHEESE STAND,E,1450,0,0.0,999.0,0,0,0,0,0.6,10,False,True
15667,東京ブラウンチーズ 110g,渋谷CHEESE STAND,E,1980,0,0.0,999.0,0,0,0,0,0.6,10,False,True
9352218002088,米糀のあまさけ pure 135g,小嶋総本店,E,460,0,0.0,999.0,0,0,0,0,0.6,10,False,True
9352218002089,米糀のあまさけ beauty up red 135g,小嶋総本店,E,460,0,0.0,999.0,0,0,0,0,0.6,10,False,True
1093,3じのビスケット 140g,山本佐太郎商店,E,460,20,0.0,999.0,0,0,0,0,0.6,10,False,False
9352218006320,ツバメサブレ 100g,山本佐太郎商店,E,460,20,0.0,999.0,0,0,0,0,0.6,10,False,False
9016,ともだちビスケット 70g,山本佐太郎商店,E,270,30,0.0,999.0,0,0,0,0,0.6,10,False,False
9352218006281,おいもチップス さつまいも 60g,山本佐太郎商店,E,460,50,0.0,999.0,0,0,0,0,0.6,10,False,False
9352218005704,バジル香る国産鶏のガパオ 140g,結わえる,E,480,4,0.0,999.0,0,0,0,0,0.6,10,False,True
9352218004326,寝かせ玄米ごはんパック もち麦ブレンド 160g,結わえる,E,308,0,0.0,999.0,0,0,0,0,0.6,10,False,True
12733,醍醐の泡 720ml,片山,E,1980,0,0.0,999.0,0,0,0,0,0.6,10,False,True
7195,米粉のブラウニー ダークチョコレート 1個,創健社常温,E,350,0,0.0,999.0,0,0,0,0,0.6,10,False,True
7196,米粉のブラウニー 素焼きくるみ 1個,創健社常温,E,350,0,0.0,999.0,0,0,0,0,0.6,10,False,True
11131,米粉のブラウニー 緑茶 1個,創健社常温,E,350,0,0.0,999.0,0,0,0,0,0.6,10,False,True
9339709006930,日本の米育ち三元豚炙り豚丼 130g,創健社冷蔵,E,540,0,0.0,999.0,0,0,0,0,0.6,10,False,True
9352218003223,陽 200ml,草譯,E,1980,5,0.0,999.0,0,0,0,0,0.6,10,False,True
9352218002014,フォレストジン 100ml,日本草木研究所,E,2300,0,0.0,999.0,0,0,0,0,0.6,10,False,True
9339709006714,クーポン券2回目,フードアンドカンパニー,E,-300,0,0.03,0.0,1,-300,1,-300,0.6,10,True,True
9339709006713,クーポン券1回目,フードアンドカンパニー,E,-500,0,0.03,0.0,1,-500,1,-500,0.6,10,True,True
9352218005968,初回入会300円OFFクーポン,フードアンドカンパニー,E,-300,0,0.13,0.0,2,-600,1,-300,0.6,10,True,True
9352218004591,社内商品券,フードアンドカンパニー,E,-1000,0,0.83,0.0,9,-9000,4,-4000,0.6,10,True,True
