product_id,product_name,supplier_name,rank,sept_avg_daily_sales,sept_stock,oct_avg_daily_sales,oct_actual_sales,current_order_per_cycle,current_total_order,current_oct_end_stock,current_stockout,moderate_order_per_cycle,moderate_total_order,moderate_oct_end_stock,moderate_stockout,cost,current_stock_value,moderate_stock_value
2185,有機オリーブオイル オルチョサンニータ 440g,A.ゆうき八百屋,A,0.14,0,0.07,2.2,1.4,5.6,3.4,False,1.8,7.3,5.1,False,2870,9844.0,14666.0
1972,井上古式じょうゆ 720ml,A.ゆうき八百屋,A,0.86,2,0.83,25.7,6.6,26.4,2.7,False,9.2,36.7,13.0,False,814,2173.0,10574.0
1864,松田マヨネーズ甘口 300g,A.ゆうき八百屋,A,1.36,6,0.47,14.6,7.6,30.4,21.8,False,11.7,46.7,38.2,False,444,9693.0,16939.0
14637,玄米味噌 1kg,A.ゆうき八百屋,A,0.21,0,0.17,5.3,2.1,8.4,3.1,False,2.7,10.9,5.7,False,1085,3396.0,6130.0
10499,無茶々園のちりめん 40g,A.ゆうき八百屋,A,0.71,0,0.5,15.5,7.1,28.4,12.9,False,9.2,36.9,21.4,False,339,4373.0,7261.0
1560,有機玄米ごはん 160g,A.ゆうき八百屋,A,1.29,0,0.97,30.1,12.9,51.6,21.5,False,16.8,67.1,37.0,False,189,4069.0,6995.0
9352218005645,国産有機大麦茶 TB 10gx40,A.ゆうき八百屋,A,0.57,1,0.43,13.3,4.7,18.8,6.5,False,6.4,25.6,13.3,False,486,3144.0,6469.0
9352218002033,有機スパゲティ 500g,A.ゆうき八百屋,A,0.79,2,0.63,19.5,5.9,23.6,6.1,False,8.3,33.1,15.6,False,378,2294.0,5878.0
1973,井上古式じょうゆ 360ml,A.ゆうき八百屋,A,0.36,-1,0.27,8.4,4.6,18.4,9.0,False,5.7,22.7,13.3,False,543,4903.0,7249.0
1667,吉野本葛 100g,A.ゆうき八百屋,A,0.36,1,0.13,4.0,2.6,10.4,7.4,False,3.7,14.7,11.7,False,693,5107.0,8101.0
8232,南仏アジャンのオーガニックプルーン 200g,A.ゆうき八百屋,A,0.86,6,0.43,13.3,2.6,10.4,3.1,False,5.2,20.7,13.4,False,595,1827.0,7967.0
1835,有機ミートソース 140g,A.ゆうき八百屋,B,0.71,0,0.6,18.6,7.1,28.4,9.8,False,8.2,32.7,14.1,False,217,2127.0,3051.0
9352218003375,かき氷シロップ パイン 180ml,A.ゆうき八百屋,B,0.21,0,0.0,0.0,2.1,8.4,8.4,False,2.4,9.7,9.7,False,444,3730.0,4289.0
5912,かき氷シロップ 国産いちご 180ml,A.ゆうき八百屋,B,0.29,0,0.0,0.0,2.9,11.6,11.6,False,3.3,13.3,13.3,False,434,5034.0,5790.0
9352218002060,かき氷シロップ ぶどう 180ml,A.ゆうき八百屋,C,0.21,0,0.0,0.0,2.1,8.4,8.4,False,2.1,8.4,8.4,False,413,3469.0,3469.0
10765,ベビー用12ヶ月 小松菜たっぷり炊き込みごはん(有機) 100g,A.ゆうき八百屋,A,0.93,6,0.37,11.5,3.3,13.2,7.7,False,6.1,24.4,18.9,False,301,2327.0,5686.0
9352218003043,ビオカシ オーガニック ドライ白イチジク（ハーフカット）140g,A.ゆうき八百屋,B,0.29,1,0.0,0.0,1.9,7.6,8.6,False,2.3,9.3,10.3,False,570,4902.0,5894.0
1886,粟國の塩(釜炊) 250g,A.ゆうき八百屋,A,0.57,4,0.3,9.3,1.7,6.8,1.5,False,3.4,13.6,8.3,False,560,840.0,4670.0
12779,オーガニックハーブウォーター カモミール500ml,A.ゆうき八百屋,A,2.21,15,1.5,46.5,7.1,28.4,-3.1,True,13.7,54.9,23.4,False,140,0.0,3279.0
16122,有機ヘンププロテインパウダー 160g,A.ゆうき八百屋,C,0.07,0,0.0,0.0,0.7,2.8,2.8,False,0.7,2.8,2.8,False,1085,3038.0,3038.0
9352218004848,ゆうき市場の片栗粉 200g,A.ゆうき八百屋,B,0.5,0,0.2,6.2,5.0,20.0,13.8,False,5.8,23.0,16.8,False,217,2995.0,3646.0
2023,無茶々園の青ゆずこしょう 50g,A.ゆうき八百屋,B,0.29,0,0.4,12.4,2.9,11.6,-0.8,True,3.3,13.3,0.9,False,350,0.0,329.0
9352218005562,みかんジュース(ブレンド)180ml,A.ゆうき八百屋,C,0.36,0,0.17,5.3,3.6,14.4,9.1,False,3.6,14.4,9.1,False,252,2301.0,2301.0
10548,たくあん漬け 150g,A.ゆうき八百屋,B,0.43,2,0.43,13.3,2.3,9.2,-2.1,True,2.9,11.8,0.4,False,329,0.0,148.0
10673,富士すのもの酢 360ml,A.ゆうき八百屋,C,0.14,0,0.07,2.2,1.4,5.6,3.4,False,1.4,5.6,3.4,False,490,1681.0,1681.0
2116,パン粉 200g,A.ゆうき八百屋,B,0.64,3,0.53,16.4,3.4,13.6,0.2,False,4.4,17.4,4.0,False,224,38.0,898.0
5903,ゆずストレート果汁 150ml,A.ゆうき八百屋,C,0.14,0,0.1,3.1,1.4,5.6,2.5,False,1.4,5.6,2.5,False,441,1103.0,1103.0
1860,有機トマトケチャップ(チューブ入) 300g,A.ゆうき八百屋,A,1.79,15,1.03,31.9,2.9,11.6,-5.3,True,8.3,33.1,16.1,False,294,0.0,4748.0
1591,オイルサーディン 100g,A.ゆうき八百屋,C,0.29,0,0.03,0.9,2.9,11.6,10.7,False,2.9,11.6,10.7,False,287,3062.0,3062.0
13226,さくらいの焼きそば 114g,A.ゆうき八百屋,B,1.07,5,0.7,21.7,5.7,22.8,6.1,False,7.3,29.2,12.5,False,143,872.0,1790.0
20240723363,菊地黒糖 粉末 150g,A.ゆうき八百屋,B,0.29,1,0.17,5.3,1.9,7.6,3.3,False,2.3,9.3,5.1,False,406,1352.0,2058.0
9352218005048,オーガニックハニーブッシュティー TB 1.8g×15,A.ゆうき八百屋,D,0.14,0,0.17,5.3,1.4,5.6,0.3,False,1.1,4.5,-0.8,True,350,116.0,0.0
317,国産味付ザーサイ 100g,A.ゆうき八百屋,A,0.64,5,0.33,10.2,1.4,5.6,0.4,False,3.3,13.3,8.1,False,329,122.0,2648.0
13371,パックスナチュロンソルティー 石けんはみがき 120g,A.ゆうき八百屋,B,0.43,3,0.43,13.3,1.3,5.2,-5.1,True,1.9,7.8,-2.6,True,322,0.0,0.0
1227,白神こだま酵母ドライ 10g×5,A.ゆうき八百屋,B,0.21,2,0.1,3.1,0.1,0.4,-0.7,True,0.4,1.7,0.6,False,610,0.0,342.0
1817,はつかりめんつゆ 500ml,A.ゆうき八百屋,A,0.43,4,0.17,5.3,0.3,1.2,-0.1,True,1.6,6.4,5.1,False,602,0.0,3064.0
9339709006922,やさしい豆乳クッキー ソイラテ 7枚,A.ゆうき八百屋,B,0.36,2,0.0,0.0,1.6,6.4,8.4,False,2.1,8.6,10.6,False,259,2176.0,2735.0
9352218003374,かき氷シロップ マンゴー 180ml,A.ゆうき八百屋,D,0.07,0,0.0,0.0,0.7,2.8,2.8,False,0.6,2.2,2.2,False,455,1274.0,1019.0
11596,有機発芽玄米もち 300g,A.ゆうき八百屋,D,0.07,0,0.27,8.4,0.7,2.8,-5.6,True,0.6,2.2,-6.1,True,448,0.0,0.0
10498,乾燥あおさのり25g,A.ゆうき八百屋,D,0.07,0,0.03,0.9,0.7,2.8,1.9,False,0.6,2.2,1.3,False,444,830.0,582.0
1865,松田マヨネーズ辛口 300g,A.ゆうき八百屋,A,0.64,6,1.0,31.0,0.4,1.6,-23.4,True,2.3,9.3,-15.7,True,444,0.0,0.0
16070,有機ココナッツファイン 120g,A.ゆうき八百屋,E,0.07,0,0.0,0.0,0.7,2.8,2.8,False,0.4,1.7,1.7,False,420,1176.0,706.0
13229,玄米おかき いづも美人 古代米(黒米) 100g,A.ゆうき八百屋,A,0.43,4,0.23,7.1,0.3,1.2,-1.9,True,1.6,6.4,3.2,False,413,0.0,1334.0
16064,松の実(生) 30g,A.ゆうき八百屋,A,0.43,4,0.1,3.1,0.3,1.2,2.1,False,1.6,6.4,7.3,False,406,853.0,2948.0
1756,有機カレースパイス甘口 25g,A.ゆうき八百屋,A,0.5,4,0.27,8.4,1.0,4.0,-0.4,True,2.5,10.0,5.6,False,406,0.0,2286.0
9352218001872,玄米ぽんせん 30g,A.ゆうき八百屋,C,0.43,3,0.0,0.0,1.3,5.2,8.2,False,1.3,5.2,8.2,False,203,1665.0,1665.0
225,かき氷シロップ レモン 180ml,A.ゆうき八百屋,E,0.07,0,0.13,4.0,0.7,2.8,-1.2,True,0.4,1.7,-2.4,True,391,0.0,0.0
13121,平譯さんの畑から うずら豆 300g,A.ゆうき八百屋,E,0.07,0,0.13,4.0,0.7,2.8,-1.2,True,0.4,1.7,-2.4,True,385,0.0,0.0
1478,屋久島縄文水 1500ml,A.ゆうき八百屋,A,1.21,11,0.7,21.7,1.1,4.4,-6.3,True,4.7,18.9,8.2,False,188,0.0,1545.0
552,あんこ屋野中のなめらか水ようかん 小倉 80g,A.ゆうき八百屋,E,0.14,0,0.07,2.2,1.4,5.6,3.4,False,0.8,3.4,1.2,False,178,611.0,212.0
7223,あんこ屋野中のなめらか水ようかん こし 80g,A.ゆうき八百屋,E,0.14,0,0.0,0.0,1.4,5.6,5.6,False,0.8,3.4,3.4,False,178,997.0,598.0
14235,無茶々園のひじき 30g,A.ゆうき八百屋,B,0.29,2,0.33,10.2,0.9,3.6,-4.6,True,1.3,5.3,-2.9,True,350,0.0,0.0
1988,有機純米酢 老梅 500ml,A.ゆうき八百屋,A,0.71,7,0.8,24.8,0.1,0.4,-17.4,True,2.2,8.9,-8.9,True,329,0.0,0.0
8932,青大豆きな粉 100g,A.ゆうき八百屋,E,0.07,0,0.0,0.0,0.7,2.8,2.8,False,0.4,1.7,1.7,False,322,902.0,541.0
1747,バジルペーストミニパック(ジェノベーゼ) 10g×3,A.ゆうき八百屋,C,0.29,2,0.13,4.0,0.9,3.6,1.6,False,0.9,3.6,1.6,False,315,495.0,495.0
1799,オイスターソース 115g,A.ゆうき八百屋,A,1.14,11,0.57,17.7,0.4,1.6,-5.1,True,3.8,15.3,8.6,False,315,0.0,2712.0
9352218005921,オーガニックルイボスティー TB 1.8gx15,A.ゆうき八百屋,B,0.5,4,0.2,6.2,1.0,4.0,1.8,False,1.8,7.0,4.8,False,294,529.0,1411.0
11070,減塩ウスターソース 360ml,A.ゆうき八百屋,E,0.07,0,0.07,2.2,0.7,2.8,0.6,False,0.4,1.7,-0.5,True,287,181.0,0.0
3689,にんじんミックスジュース 200ml,A.ゆうき八百屋,E,0.07,0,0.33,10.2,0.7,2.8,-7.4,True,0.4,1.7,-8.6,True,212,0.0,0.0
1130,きらず揚げ しお ,A.ゆうき八百屋,C,0.36,3,0.43,13.3,0.6,2.4,-7.9,True,0.6,2.4,-7.9,True,210,0.0,0.0
9352218002924,つや姫 一膳パック(特別栽培米) 150g,A.ゆうき八百屋,E,0.07,0,0.5,15.5,0.7,2.8,-12.7,True,0.4,1.7,-13.8,True,163,0.0,0.0
7356,ゲランドの塩 細粒塩 500g,A.ゆうき八百屋,D,0.07,5,0.27,8.4,0.0,0.0,-3.4,True,0.0,0.0,-3.4,True,741,0.0,0.0
10748,ゲランドの塩 細粒塩(容器入) 125g,A.ゆうき八百屋,C,0.14,3,0.17,5.3,0.0,0.0,-2.3,True,0.0,0.0,-2.3,True,574,0.0,0.0
198,天然わかめ(塩蔵) 200g,A.ゆうき八百屋,B,0.43,5,0.37,11.5,0.0,0.0,-6.5,True,0.0,0.0,-6.5,True,388,0.0,0.0
5933,ジューシーフルーツ(河内晩柑)ジュース 720ｍl,A.ゆうき八百屋,A,0.29,4,0.1,3.1,0.0,0.0,0.9,False,0.0,0.0,0.9,False,808,727.0,727.0
9352218005544,みかんブレンドジュース 720ml,A.ゆうき八百屋,A,0.21,7,0.23,7.1,0.0,0.0,-0.1,True,0.0,0.0,-0.1,True,808,0.0,0.0
3726,削り節パック 3g×5,A.ゆうき八百屋,B,0.5,11,0.17,5.3,0.0,0.0,5.7,False,0.0,0.0,5.7,False,297,1702.0,1702.0
9352218002658,カカオニブ(粗挽きカカオ豆) 80g,A.ゆうき八百屋,B,0.14,8,0.23,7.1,0.0,0.0,0.9,False,0.0,0.0,0.9,False,700,609.0,609.0
8922,赤レンズ豆 120g,A.ゆうき八百屋,E,0.14,5,0.3,9.3,0.0,0.0,-4.3,True,0.0,0.0,-4.3,True,210,0.0,0.0
9339709006872,フェアトレードチョコレート オーガニックビター 50g,A.ゆうき八百屋,A,1.0,21,1.03,31.9,0.0,0.0,-10.9,True,0.0,0.0,-10.9,True,334,0.0,0.0
1824,大地を守る会の洋風ブイヨン15g×10,A.ゆうき八百屋,B,0.21,6,0.27,8.4,0.0,0.0,-2.4,True,0.0,0.0,-2.4,True,445,0.0,0.0
6207,雪塩 クッキングボトル 50g,A.ゆうき八百屋,D,0.14,3,0.3,9.3,0.0,0.0,-6.3,True,0.0,0.0,-6.3,True,350,0.0,0.0
10606,パルミエパイ 60g,A.ゆうき八百屋,E,0.07,7,0.47,14.6,0.0,0.0,-7.6,True,0.0,0.0,-7.6,True,301,0.0,0.0
9352218002034,有機ペンネ 300g,A.ゆうき八百屋,E,0.07,3,0.13,4.0,0.0,0.0,-1.0,True,0.0,0.0,-1.0,True,280,0.0,0.0
10525,雪塩 120g,A.ゆうき八百屋,B,0.21,4,0.0,0.0,0.0,0.0,4.0,False,0.0,0.0,4.0,False,560,2240.0,2240.0
16101,有機ヴィーガンミートソース 280g,A.ゆうき八百屋,E,0.07,2,0.07,2.2,0.0,0.0,-0.2,True,0.0,0.0,-0.2,True,385,0.0,0.0
14720,有機ヴィーガン塩ラーメン(カップ) 61g,A.ゆうき八百屋,E,0.07,2,0.0,0.0,0.0,0.0,2.0,False,0.0,0.0,2.0,False,350,700.0,700.0
1757,有機カレースパイス辛口 25g,A.ゆうき八百屋,C,0.21,4,0.23,7.1,0.0,0.0,-3.1,True,0.0,0.0,-3.1,True,406,0.0,0.0
6955,ウエダ家の自然発酵乳酸菌 1g×10,A.ゆうき八百屋,C,0.07,4,0.0,0.0,0.0,0.0,4.0,False,0.0,0.0,4.0,False,910,3640.0,3640.0
9352218005646,有機梅干し(白干し) 120g,A.ゆうき八百屋,A,0.36,7,0.27,8.4,0.0,0.0,-1.4,True,0.0,0.0,-1.4,True,497,0.0,0.0
6192,オーガニックハニーブッシュティ 500ml,A.ゆうき八百屋,A,1.57,38,1.27,39.4,0.0,0.0,-1.4,True,0.0,0.0,-1.4,True,101,0.0,0.0
1471,オーガニックルイボスティー ライト 350ml,A.ゆうき八百屋,B,1.07,40,1.17,36.3,0.0,0.0,3.7,False,0.0,0.0,3.7,False,94,351.0,351.0
10594,ミント・ルイボスティー 1.8g×30TB,A.ゆうき八百屋,C,0.14,4,0.13,4.0,0.0,0.0,-0.0,True,0.0,0.0,-0.0,True,560,0.0,0.0
5674,オーガニックマウンテン 有機インスタントコーヒー(詰替) 80g,A.ゆうき八百屋,B,0.21,4,0.17,5.3,0.0,0.0,-1.3,True,0.0,0.0,-1.3,True,798,0.0,0.0
10717,京都宇治 有機和紅茶 2gx12,A.ゆうき八百屋,C,0.14,5,0.17,5.3,0.0,0.0,-0.3,True,0.0,0.0,-0.3,True,448,0.0,0.0
8929,やさか甘口味噌 750g,A.ゆうき八百屋,A,0.43,6,0.27,8.4,0.0,0.0,-2.4,True,0.0,0.0,-2.4,True,633,0.0,0.0
8930,やさか中辛口味噌 750g,A.ゆうき八百屋,B,0.21,7,0.17,5.3,0.0,0.0,1.7,False,0.0,0.0,1.7,False,633,1095.0,1095.0
9352218005136,ギュっと玄米 8枚,A.ゆうき八百屋,D,0.21,4,0.1,3.1,0.0,0.0,0.9,False,0.0,0.0,0.9,False,266,239.0,239.0
9352218005135,ギュっとシリアル 8枚,A.ゆうき八百屋,E,0.07,4,0.0,0.0,0.0,0.0,4.0,False,0.0,0.0,4.0,False,266,1064.0,1064.0
9352218005055,ギュっと柑橘 8枚,A.ゆうき八百屋,E,0.07,4,0.1,3.1,0.0,0.0,0.9,False,0.0,0.0,0.9,False,266,239.0,239.0
9352218005150,ザクっとにんじん 10本,A.ゆうき八百屋,C,0.29,5,0.13,4.0,0.0,0.0,1.0,False,0.0,0.0,1.0,False,259,251.0,251.0
9352218005148,ザクっとさつまいも 10本,A.ゆうき八百屋,C,0.36,4,0.23,7.1,0.0,0.0,-3.1,True,0.0,0.0,-3.1,True,259,0.0,0.0
9352218005149,ザクっとかぼちゃ 10本,A.ゆうき八百屋,E,0.07,3,0.17,5.3,0.0,0.0,-2.3,True,0.0,0.0,-2.3,True,259,0.0,0.0
9352218005145,まいにちおやつ にんじん味 30g,A.ゆうき八百屋,C,0.29,4,0.2,6.2,0.0,0.0,-2.2,True,0.0,0.0,-2.2,True,189,0.0,0.0
9352218005054,まいにちおやつ かぼちゃ味 30g,A.ゆうき八百屋,C,0.36,5,0.3,9.3,0.0,0.0,-4.3,True,0.0,0.0,-4.3,True,189,0.0,0.0
9352218005147,まいにちおやつ キャロブ味 30g,A.ゆうき八百屋,C,0.43,5,0.33,10.2,0.0,0.0,-5.2,True,0.0,0.0,-5.2,True,189,0.0,0.0
11236,ベビー用5ヶ月 有機野菜とろとろ野菜おじや 100g,A.ゆうき八百屋,D,0.14,6,0.1,3.1,0.0,0.0,2.9,False,0.0,0.0,2.9,False,301,873.0,873.0
10762,ベビー用7ヶ月 小松菜と人参のお粥 (有機) 100g,A.ゆうき八百屋,C,0.29,5,0.07,2.2,0.0,0.0,2.8,False,0.0,0.0,2.8,False,301,852.0,852.0
13197,ベビー用10ヶ月 鯛がゆ 100g,A.ゆうき八百屋,B,0.36,5,0.0,0.0,0.0,0.0,5.0,False,0.0,0.0,5.0,False,308,1540.0,1540.0
16121,有機麻の実ナッツ 160g,A.ゆうき八百屋,C,0.07,4,0.13,4.0,0.0,0.0,-0.0,True,0.0,0.0,-0.0,True,1155,0.0,0.0
8894,ゆうき市場の洗双糖 500g,A.ゆうき八百屋,C,0.36,6,0.37,11.5,0.0,0.0,-5.5,True,0.0,0.0,-5.5,True,259,0.0,0.0
13248,オーガニックハーブウォーター ミント 500ml,A.ゆうき八百屋,A,2.07,21,1.6,49.6,0.0,0.0,-28.6,True,5.9,23.6,-5.0,True,140,0.0,0.0
15939,向島園 有機熟成三年番茶 200g,A.ゆうき八百屋,A,0.43,7,0.3,9.3,0.0,0.0,-2.3,True,0.0,0.0,-2.3,True,805,0.0,0.0
7237,有機麦みそ 600g,A.ゆうき八百屋,A,0.14,2,0.03,0.9,0.0,0.0,1.1,False,0.0,0.0,1.1,False,1260,1348.0,1348.0
6226,竹輪麩(小) 30g,A.ゆうき八百屋,D,0.14,3,0.07,2.2,0.0,0.0,0.8,False,0.0,0.0,0.8,False,315,261.0,261.0
1584,北海道産有機小豆使用つぶあん 200g,A.ゆうき八百屋,B,0.36,5,0.07,2.2,0.0,0.0,2.8,False,0.0,0.0,2.8,False,336,951.0,951.0
2155,国産有機白玉だんご粉 150g,A.ゆうき八百屋,D,0.14,4,0.13,4.0,0.0,0.0,-0.0,True,0.0,0.0,-0.0,True,400,0.0,0.0
10903,特別栽培小豆 つぶあん(缶) 245g,A.ゆうき八百屋,C,0.21,8,0.1,3.1,0.0,0.0,4.9,False,0.0,0.0,4.9,False,417,2043.0,2043.0
7341,国産原料100% 氷砂糖(ロック) 1kg,A.ゆうき八百屋,C,0.14,19,0.0,0.0,0.0,0.0,19.0,False,0.0,0.0,19.0,False,511,9709.0,9709.0
13370,パックスナチュロン 石けんはみがき 120g,A.ゆうき八百屋,C,0.21,8,0.33,10.2,0.0,0.0,-2.2,True,0.0,0.0,-2.2,True,294,0.0,0.0
10882,シママース500g,A.ゆうき八百屋,E,0.14,4,0.13,4.0,0.0,0.0,-0.0,True,0.0,0.0,-0.0,True,175,0.0,0.0
1895,シママース 1kg,A.ゆうき八百屋,C,0.21,5,0.23,7.1,0.0,0.0,-2.1,True,0.0,0.0,-2.1,True,329,0.0,0.0
11907,梅醤入り玄米番茶がゆ 200g,A.ゆうき八百屋,E,0.14,6,0.0,0.0,0.0,0.0,6.0,False,0.0,0.0,6.0,False,175,1050.0,1050.0
1540,玄米五目ごはん 160g,A.ゆうき八百屋,E,0.07,7,0.1,3.1,0.0,0.0,3.9,False,0.0,0.0,3.9,False,189,737.0,737.0
1563,有機玄米粥 200g,A.ゆうき八百屋,E,0.14,7,0.03,0.9,0.0,0.0,6.1,False,0.0,0.0,6.1,False,140,850.0,850.0
1564,小豆の水煮 230g,A.ゆうき八百屋,D,0.21,4,0.17,5.3,0.0,0.0,-1.3,True,0.0,0.0,-1.3,True,182,0.0,0.0
8912,石橋の菜種油(菜種サラダ油) 910g,A.ゆうき八百屋,C,0.07,5,0.0,0.0,0.0,0.0,5.0,False,0.0,0.0,5.0,False,952,4760.0,4760.0
10675,オーガニックとんかつソース 200ml,A.ゆうき八百屋,E,0.07,3,0.03,0.9,0.0,0.0,2.1,False,0.0,0.0,2.1,False,290,600.0,600.0
8907,オーガニックウスターソース 200ml,A.ゆうき八百屋,E,0.07,4,0.0,0.0,0.0,0.0,4.0,False,0.0,0.0,4.0,False,290,1160.0,1160.0
7520,海の精あらしお 240g,A.ゆうき八百屋,B,0.29,9,0.0,0.0,0.0,0.0,9.0,False,0.0,0.0,9.0,False,420,3780.0,3780.0
1890,濃厚にがり液 海の調べ 50ml,A.ゆうき八百屋,B,0.43,6,0.13,4.0,0.0,0.0,2.0,False,0.0,0.0,2.0,False,260,512.0,512.0
1900,有機塩麹170g,A.ゆうき八百屋,A,0.5,6,0.6,18.6,0.0,0.0,-12.6,True,0.5,2.0,-10.6,True,420,0.0,0.0
7988,黒糖かりん 32g,A.ゆうき八百屋,E,0.07,3,0.0,0.0,0.0,0.0,3.0,False,0.0,0.0,3.0,False,220,660.0,660.0
7064,龍馬1865(ノンアルコールビール) 350ml,A.ゆうき八百屋,C,0.57,7,0.0,0.0,0.0,0.0,7.0,False,0.0,0.0,7.0,False,99,693.0,693.0
13692,龍馬LEMON (ノンアルコールビール)350ml,A.ゆうき八百屋,C,0.71,27,0.23,7.1,0.0,0.0,19.9,False,0.0,0.0,19.9,False,105,2086.0,2086.0
1468,チャイパック 3gx12,A.ゆうき八百屋,C,0.21,3,0.03,0.9,0.0,0.0,2.1,False,0.0,0.0,2.1,False,322,667.0,667.0
5586,カシューナッツカレー味 60g,A.ゆうき八百屋,C,0.21,5,0.17,5.3,0.0,0.0,-0.3,True,0.0,0.0,-0.3,True,385,0.0,0.0
6066,ドライフルーツナッツミックス 90g,A.ゆうき八百屋,B,0.43,5,0.4,12.4,0.0,0.0,-7.4,True,0.0,0.0,-7.4,True,406,0.0,0.0
9339709006903,出雲国のほうじ番茶 150g,A.ゆうき八百屋,E,0.07,4,0.0,0.0,0.0,0.0,4.0,False,0.0,0.0,4.0,False,294,1176.0,1176.0
10652,出雲国の紅茶 ティーバッグ2g×15,A.ゆうき八百屋,D,0.14,3,0.1,3.1,0.0,0.0,-0.1,True,0.0,0.0,-0.1,True,280,0.0,0.0
14184,黒糖くるみ 65g,A.ゆうき八百屋,D,0.14,2,0.07,2.2,0.0,0.0,-0.2,True,0.0,0.0,-0.2,True,322,0.0,0.0
9352218002446,ココアパウダー 110g,A.ゆうき八百屋,A,0.36,8,0.0,0.0,0.0,0.0,8.0,False,0.0,0.0,8.0,False,462,3696.0,3696.0
9352218005699,カレーの壺 オリジナル 200g ,A.ゆうき八百屋,C,0.14,3,0.0,0.0,0.0,0.0,3.0,False,0.0,0.0,3.0,False,455,1365.0,1365.0
12994,季穂地粉 薄力粉 500g,A.ゆうき八百屋,B,0.36,11,0.47,14.6,0.0,0.0,-3.6,True,0.0,0.0,-3.6,True,266,0.0,0.0
13518,季穂 強力粉 500g,A.ゆうき八百屋,D,0.14,6,0.3,9.3,0.0,0.0,-3.3,True,0.0,0.0,-3.3,True,266,0.0,0.0
13550,季穂 全粒粉 500g,A.ゆうき八百屋,B,0.5,7,0.13,4.0,0.0,0.0,3.0,False,0.0,0.0,3.0,False,265,787.0,787.0
2107,特選そば 十割(乾麺) 200g,A.ゆうき八百屋,E,0.07,8,0.07,2.2,0.0,0.0,5.8,False,0.0,0.0,5.8,False,337,1965.0,1965.0
2106,究極そば 九割(乾麺) 200g,A.ゆうき八百屋,D,0.14,14,0.03,0.9,0.0,0.0,13.1,False,0.0,0.0,13.1,False,323,4222.0,4222.0
1802,ウスターソース 360ml,A.ゆうき八百屋,C,0.21,4,0.13,4.0,0.0,0.0,-0.0,True,0.0,0.0,-0.0,True,287,0.0,0.0
1800,濃厚ソース 360ml,A.ゆうき八百屋,D,0.14,5,0.13,4.0,0.0,0.0,1.0,False,0.0,0.0,1.0,False,287,278.0,278.0
11071,お好みソース 360ml,A.ゆうき八百屋,D,0.14,5,0.3,9.3,0.0,0.0,-4.3,True,0.0,0.0,-4.3,True,287,0.0,0.0
10678,有機トマトピューレ 320g,A.ゆうき八百屋,E,0.07,4,0.13,4.0,0.0,0.0,-0.0,True,0.0,0.0,-0.0,True,318,0.0,0.0
1535,オーガニックトマトジュース(無塩) 190g,A.ゆうき八百屋,E,0.29,9,0.4,12.4,0.0,0.0,-3.4,True,0.0,0.0,-3.4,True,98,0.0,0.0
1436,レモンサイダー 250ml,A.ゆうき八百屋,B,1.43,70,1.43,44.3,0.0,0.0,25.7,False,0.0,0.0,25.7,False,105,2695.0,2695.0
3737,チキンコンソメ10g×8,A.ゆうき八百屋,B,0.29,3,0.37,11.5,0.0,0.0,-8.5,True,0.3,1.3,-7.1,True,350,0.0,0.0
1435,オーガニックアップルサイダー＋レモン 250ml,A.ゆうき八百屋,A,1.71,36,0.87,27.0,0.0,0.0,9.0,False,0.0,0.0,9.0,False,105,948.0,948.0
1434,オーガニックぶどうサイダー＋レモン 250ml,A.ゆうき八百屋,B,1.36,22,1.1,34.1,0.0,0.0,-12.1,True,0.0,0.0,-12.1,True,105,0.0,0.0
1433,オーガニックジンジャーエール 250ml,A.ゆうき八百屋,A,2.0,23,1.3,40.3,0.0,0.0,-17.3,True,3.0,12.0,-5.3,True,105,0.0,0.0
8904,有機青じそドレッシング 200ml,A.ゆうき八百屋,D,0.14,2,0.0,0.0,0.0,0.0,2.0,False,0.0,0.0,2.0,False,336,672.0,672.0
9352218005648,しそ漬小梅干 200g,A.ゆうき八百屋,A,0.36,4,0.0,0.0,0.0,0.0,4.0,False,0.7,2.7,6.7,False,560,2240.0,3763.0
5649,梅酢で漬けた紅しょうが(きざみ) 100g,A.ゆうき八百屋,B,0.57,6,0.57,17.7,0.0,0.0,-11.7,True,0.6,2.2,-9.5,True,238,0.0,0.0
7407,プラムハニー 500ml,A.ゆうき八百屋,D,0.07,5,0.0,0.0,0.0,0.0,5.0,False,0.0,0.0,5.0,False,693,3465.0,3465.0
13598,梅エキス 65g,A.ゆうき八百屋,A,0.14,2,0.1,3.1,0.0,0.0,-1.1,True,0.0,0.0,-1.1,True,1750,0.0,0.0
6088,お米のホットケーキミックス 200g,A.ゆうき八百屋,B,0.57,10,0.8,24.8,0.0,0.0,-14.8,True,0.0,0.0,-14.8,True,223,0.0,0.0
13240,さくらいのラーメン しょうゆ 99g,A.ゆうき八百屋,C,0.43,10,0.73,22.6,0.0,0.0,-12.6,True,0.0,0.0,-12.6,True,136,0.0,0.0
13241,さくらいのラーメン しお 99g,A.ゆうき八百屋,D,0.36,11,0.7,21.7,0.0,0.0,-10.7,True,0.0,0.0,-10.7,True,136,0.0,0.0
13242,さくらいのラーメン みそ 101g,A.ゆうき八百屋,D,0.29,8,0.53,16.4,0.0,0.0,-8.4,True,0.0,0.0,-8.4,True,136,0.0,0.0
10538,こつぶあられ 11g×4,A.ゆうき八百屋,D,0.21,6,0.33,10.2,0.0,0.0,-4.2,True,0.0,0.0,-4.2,True,210,0.0,0.0
9352218001873,こめ粉のロールクッキー 10個,A.ゆうき八百屋,E,0.07,1,0.0,0.0,0.0,0.0,1.0,False,0.0,0.0,1.0,False,231,231.0,231.0
3745,無漂白コーヒーフィルター 小40枚,A.ゆうき八百屋,E,0.07,2,0.07,2.2,0.0,0.0,-0.2,True,0.0,0.0,-0.2,True,148,0.0,0.0
3743,無漂白コーヒーフィルター 大40枚入,A.ゆうき八百屋,E,0.14,5,0.1,3.1,0.0,0.0,1.9,False,0.0,0.0,1.9,False,170,323.0,323.0
7119,御用蔵 福神漬 100g,A.ゆうき八百屋,E,0.07,8,0.0,0.0,0.0,0.0,8.0,False,0.0,0.0,8.0,False,329,2632.0,2632.0
162,無漂白パルプ使用お茶パック 60枚,A.ゆうき八百屋,E,0.07,3,0.2,6.2,0.0,0.0,-3.2,True,0.0,0.0,-3.2,True,126,0.0,0.0
9352218002996,有機純米酢 老梅 900ml,A.ゆうき八百屋,D,0.07,3,0.0,0.0,0.0,0.0,3.0,False,0.0,0.0,3.0,False,602,1806.0,1806.0
7063,卵焼きのもと 150ml,A.ゆうき八百屋,D,0.14,5,0.0,0.0,0.0,0.0,5.0,False,0.0,0.0,5.0,False,357,1785.0,1785.0
16142,召しませ日本 ひとくち塩せんべい 75g,A.ゆうき八百屋,B,0.5,7,0.87,27.0,0.0,0.0,-20.0,True,0.0,0.0,-20.0,True,231,0.0,0.0
1142,みちのく小丸せんべい 醤油 110g,A.ゆうき八百屋,B,0.5,7,0.43,13.3,0.0,0.0,-6.3,True,0.0,0.0,-6.3,True,283,0.0,0.0
10637,おたまはん関西風(卵かけご飯醤油) 150ml,A.ゆうき八百屋,D,0.14,2,0.07,2.2,0.0,0.0,-0.2,True,0.0,0.0,-0.2,True,245,0.0,0.0
6971,焼き肉のたれ(甘口) 150ml,A.ゆうき八百屋,D,0.14,5,0.0,0.0,0.0,0.0,5.0,False,0.0,0.0,5.0,False,301,1505.0,1505.0
9352218003044,ビオカシ オーガニック3種のレーズンミックス 180g,A.ゆうき八百屋,C,0.14,3,0.0,0.0,0.0,0.0,3.0,False,0.0,0.0,3.0,False,500,1500.0,1500.0
1300,国産百花蜜 190g,A.ゆうき八百屋,A,0.29,4,0.33,10.2,0.0,0.0,-6.2,True,0.0,0.0,-6.2,True,945,0.0,0.0
6481,オーガニックメープルシロップ 330g,A.ゆうき八百屋,C,0.07,2,0.27,8.4,0.0,0.0,-6.4,True,0.0,0.0,-6.4,True,1120,0.0,0.0
1697,焼のり 全形10枚入,A.ゆうき八百屋,A,0.29,8,0.33,10.2,0.0,0.0,-2.2,True,0.0,0.0,-2.2,True,833,0.0,0.0
9352218003316,香りのない有機ココナッツオイル 460g,B.ゆうき八百屋,A,0.71,3,0.57,17.7,4.1,16.4,1.7,False,6.2,24.9,10.3,False,770,1332.0,7893.0
1872,味の母(醗酵調味料) 720ml,B.ゆうき八百屋,A,0.57,1,0.33,10.2,4.7,18.8,9.6,False,6.4,25.6,16.4,False,700,6699.0,11487.0
2138,玄米ビーフン 40g×3,B.ゆうき八百屋,A,0.79,0,0.23,7.1,7.9,31.6,24.5,False,10.3,41.1,34.0,False,336,8222.0,11407.0
12803,みちのく 黒胡麻せんべい 120g,B.ゆうき八百屋,A,1.0,2,1.0,31.0,8.0,32.0,3.0,False,11.0,44.0,15.0,False,283,849.0,4245.0
1735,ねり梅(赤) 100g,B.ゆうき八百屋,A,0.71,1,0.67,20.8,6.1,24.4,4.6,False,8.2,32.9,13.2,False,294,1361.0,3866.0
9352218005834,フォー 50gx4,B.ゆうき八百屋,B,0.36,0,0.23,7.1,3.6,14.4,7.3,False,4.1,16.6,9.4,False,476,3461.0,4489.0
15277,召しませ日本 ひとくち海老せんべい 70g,B.ゆうき八百屋,A,0.79,0,0.67,20.8,7.9,31.6,10.8,False,10.3,41.1,20.3,False,231,2502.0,4692.0
2086,かえる印のナチュラル蚊取り線香 30巻,B.ゆうき八百屋,B,0.21,0,0.03,0.9,2.1,8.4,7.5,False,2.4,9.7,8.7,False,606,4527.0,5290.0
1325,有機オートミール 500g,B.ゆうき八百屋,A,0.71,3,0.57,17.7,4.1,16.4,1.7,False,6.2,24.9,10.3,False,350,606.0,3588.0
1507,有機豆乳無調整 1000ml,B.ゆうき八百屋,B,0.64,0,0.6,18.6,6.4,25.6,7.0,False,7.4,29.4,10.8,False,250,1750.0,2710.0
15258,ビューティーバーカカオ 1本,B.ゆうき八百屋,B,0.71,1,0.13,4.0,6.1,24.4,21.4,False,7.2,28.7,25.6,False,224,4787.0,5741.0
8923,大納言小豆 200g,B.ゆうき八百屋,B,0.21,0,0.07,2.2,2.1,8.4,6.2,False,2.4,9.7,7.5,False,479,2984.0,3588.0
1204,牛乳かすてら 7個入り,B.ゆうき八百屋,B,0.36,0,0.5,15.5,3.6,14.4,-1.1,True,4.1,16.6,1.1,False,329,0.0,349.0
9352218005707,抹茶 翆峰(缶) 20g,B.ゆうき八百屋,C,0.14,0,0.0,0.0,1.4,5.6,5.6,False,1.4,5.6,5.6,False,630,3528.0,3528.0
11481,中濃ソース 360ml,B.ゆうき八百屋,B,0.36,0,0.1,3.1,3.6,14.4,11.3,False,4.1,16.6,13.5,False,287,3243.0,3863.0
12557,紀州熊野赤しそドリンク 500ml,B.ゆうき八百屋,C,0.07,0,0.0,0.0,0.7,2.8,2.8,False,0.7,2.8,2.8,False,1137,3184.0,3184.0
8217,梅肉エキス飴 80g,B.ゆうき八百屋,A,0.79,3,0.0,0.0,4.9,19.6,22.6,False,7.3,29.1,32.1,False,227,5130.0,7282.0
1953,喜界島育ちのさとうきび粗糖 1kg,B.ゆうき八百屋,A,0.57,4,0.23,7.1,1.7,6.8,3.7,False,3.4,13.6,10.5,False,486,1784.0,5108.0
5870,オーガニックパン粉 100g,B.ゆうき八百屋,B,0.43,1,0.47,14.6,3.3,13.2,-0.4,True,3.9,15.8,2.2,False,238,0.0,526.0
13207,きらず揚げ(しお) 100g,B.ゆうき八百屋,B,0.64,2,0.33,10.2,4.4,17.6,9.4,False,5.4,21.4,13.2,False,182,1705.0,2404.0
12541,甘夏と伊予柑のマーマレード220g,B.ゆうき八百屋,C,0.14,0,0.07,2.2,1.4,5.6,3.4,False,1.4,5.6,3.4,False,441,1513.0,1513.0
9339709006740,よつ葉北海道十勝 大人のカマンベール＆ブルー 90g,B.ゆうき八百屋,C,0.21,1,0.0,0.0,1.1,4.4,5.4,False,1.1,4.4,5.4,False,420,2268.0,2268.0
15268,どら焼 4個入り,B.ゆうき八百屋,A,0.64,4,0.77,23.9,2.4,9.6,-10.3,True,4.3,17.3,-2.6,True,276,0.0,0.0
6352,有機玄米もち 300g,B.ゆうき八百屋,C,0.14,0,0.13,4.0,1.4,5.6,1.6,False,1.4,5.6,1.6,False,399,626.0,626.0
10681,kidsこどもはみがきグレープ 60g,B.ゆうき八百屋,C,0.21,0,0.17,5.3,2.1,8.4,3.1,False,2.1,8.4,3.1,False,258,808.0,808.0
13546,米の粉(微細粉製法) 250g,B.ゆうき八百屋,D,0.14,0,0.17,5.3,1.4,5.6,0.3,False,1.1,4.5,-0.8,True,364,120.0,0.0
11724,蜂蜜かすてら 7個入り,B.ゆうき八百屋,B,0.36,2,0.33,10.2,1.6,6.4,-1.8,True,2.1,8.6,0.3,False,329,0.0,109.0
1837,はつかり胡麻ドレッシング 280ml,B.ゆうき八百屋,A,0.29,2,0.33,10.2,0.9,3.6,-4.6,True,1.8,7.1,-1.2,True,637,0.0,0.0
9352218004798,無茶々園の有機天日切り干し大根 35g,B.ゆうき八百屋,B,0.79,5,0.37,11.5,2.9,11.6,5.1,False,4.1,16.3,9.9,False,203,1041.0,2004.0
9352218001990,フルーツシャーベット 70ml×8,B.ゆうき八百屋,D,0.07,0,0.0,0.0,0.7,2.8,2.8,False,0.6,2.2,2.2,False,525,1470.0,1176.0
240,有機玄米塩麹の素 220g,B.ゆうき八百屋,D,0.07,0,0.13,4.0,0.7,2.8,-1.2,True,0.6,2.2,-1.8,True,524,0.0,0.0
8921,緑レンズ豆120g,B.ゆうき八百屋,C,0.36,2,0.17,5.3,1.6,6.4,3.1,False,1.6,6.4,3.1,False,238,745.0,745.0
9352218002205,ライスペーパー 200g,B.ゆうき八百屋,A,0.5,4,0.27,8.4,1.0,4.0,-0.4,True,2.5,10.0,5.6,False,448,0.0,2522.0
1980,有機しょうゆ 300ml,B.ゆうき八百屋,A,0.5,4,0.13,4.0,1.0,4.0,4.0,False,2.5,10.0,10.0,False,441,1751.0,4397.0
1935,クコの実 40g,B.ゆうき八百屋,A,0.43,4,0.07,2.2,0.3,1.2,3.0,False,1.6,6.4,8.2,False,420,1273.0,3440.0
15325,木次ナチュラルスナッカー(さけるチーズ) 70g,B.ゆうき八百屋,E,0.07,0,0.1,3.1,0.7,2.8,-0.3,True,0.4,1.7,-1.4,True,408,0.0,0.0
13527,あんこ屋野中の手作りぜんざい豆 120g,B.ゆうき八百屋,D,0.21,1,0.4,12.4,1.1,4.4,-7.0,True,0.7,2.7,-8.7,True,192,0.0,0.0
9352218001743,金岩井純正胡麻油 金口 140g,B.ゆうき八百屋,C,0.21,2,0.0,0.0,0.1,0.4,2.4,False,0.1,0.4,2.4,False,383,919.0,919.0
10707,ベジタリアンのためのカレー 160g,B.ゆうき八百屋,E,0.07,0,0.07,2.2,0.7,2.8,0.6,False,0.4,1.7,-0.5,True,378,238.0,0.0
1608,有機回鍋肉の素 100g,B.ゆうき八百屋,C,0.43,3,0.3,9.3,1.3,5.2,-1.1,True,1.3,5.2,-1.1,True,182,0.0,0.0
1180,プロポリスのど飴 40g,B.ゆうき八百屋,B,0.29,2,0.2,6.2,0.9,3.6,-0.6,True,1.3,5.3,1.1,False,350,0.0,399.0
15240,サラダかつお(焼き鰹) カット1本,B.ゆうき八百屋,B,0.43,4,0.47,14.6,0.3,1.2,-9.4,True,0.9,3.8,-6.8,True,248,0.0,0.0
12617,ベビースムージー プルーン 90g,B.ゆうき八百屋,C,0.43,4,0.63,19.5,0.3,1.2,-14.3,True,0.3,1.2,-14.3,True,196,0.0,0.0
15814,桜井 片栗粉 200g,B.ゆうき八百屋,B,0.86,8,0.73,22.6,0.6,2.4,-12.2,True,1.9,7.6,-7.1,True,182,0.0,0.0
14202,有機粒マスタード 200g,B.ゆうき八百屋,D,0.07,2,0.03,0.9,0.0,0.0,1.1,False,0.0,0.0,1.1,False,616,659.0,659.0
8619,プンパーニッケル(有機ライ麦パン) 375g(6枚入),B.ゆうき八百屋,D,0.14,3,0.17,5.3,0.0,0.0,-2.3,True,0.0,0.0,-2.3,True,364,0.0,0.0
10616,花かつお 60g,B.ゆうき八百屋,B,0.29,5,0.3,9.3,0.0,0.0,-4.3,True,0.0,0.0,-4.3,True,392,0.0,0.0
14503,天然もずく(塩蔵) 200g,B.ゆうき八百屋,C,0.29,6,0.0,0.0,0.0,0.0,6.0,False,0.0,0.0,6.0,False,297,1782.0,1782.0
8526,れもんストレート果汁 150ml,B.ゆうき八百屋,C,0.21,5,0.37,11.5,0.0,0.0,-6.5,True,0.0,0.0,-6.5,True,420,0.0,0.0
9352218004795,無茶々園の有機にんにくチップ(スライス) 20g,B.ゆうき八百屋,D,0.14,4,0.17,5.3,0.0,0.0,-1.3,True,0.0,0.0,-1.3,True,217,0.0,0.0
9352218002361,やさしさとおいしさの詰まった米粉 料理用(有機) 200g,B.ゆうき八百屋,E,0.07,1,0.03,0.9,0.0,0.0,0.1,False,0.0,0.0,0.1,False,350,25.0,25.0
9352218002360,やさしさとおいしさの詰まった米粉 製菓用(有機) 200g,B.ゆうき八百屋,B,0.29,6,0.33,10.2,0.0,0.0,-4.2,True,0.0,0.0,-4.2,True,350,0.0,0.0
9352218002359,やさしさとおいしさの詰まった米粉 唐揚げ(有機) 100g,B.ゆうき八百屋,D,0.14,5,0.2,6.2,0.0,0.0,-1.2,True,0.0,0.0,-1.2,True,297,0.0,0.0
12957,カンホアの塩(石臼挽き) 500g,B.ゆうき八百屋,C,0.14,6,0.23,7.1,0.0,0.0,-1.1,True,0.0,0.0,-1.1,True,455,0.0,0.0
8762,アルガン石鹸 145g,B.ゆうき八百屋,C,0.07,3,0.07,2.2,0.0,0.0,0.8,False,0.0,0.0,0.8,False,980,813.0,813.0
8775,アルガンオイル 30ml,B.ゆうき八百屋,B,0.07,5,0.03,0.9,0.0,0.0,4.1,False,0.0,0.0,4.1,False,2380,9687.0,9687.0
13218,ナイアード ガスール粉末 150g,B.ゆうき八百屋,D,0.07,6,0.0,0.0,0.0,0.0,6.0,False,0.0,0.0,6.0,False,560,3360.0,3360.0
13219,ナイアード ガスール粉末 徳用 500g,B.ゆうき八百屋,A,0.14,3,0.0,0.0,0.0,0.0,3.0,False,0.0,0.0,3.0,False,1260,3780.0,3780.0
9352218002573,有機ポップコーン 250g,B.ゆうき八百屋,D,0.14,4,0.13,4.0,0.0,0.0,-0.0,True,0.0,0.0,-0.0,True,245,0.0,0.0
10789,プレーンクッキー 70g,B.ゆうき八百屋,D,0.14,4,0.2,6.2,0.0,0.0,-2.2,True,0.0,0.0,-2.2,True,301,0.0,0.0
10529,玄米おこし 150g,B.ゆうき八百屋,B,0.29,5,0.07,2.2,0.0,0.0,2.8,False,0.0,0.0,2.8,False,395,1118.0,1118.0
9352218002580,木頭プティショコラ 30g,B.ゆうき八百屋,E,0.07,3,0.17,5.3,0.0,0.0,-2.3,True,0.0,0.0,-2.3,True,273,0.0,0.0
12504,オーガニック赤ワインビネガー 250ml,B.ゆうき八百屋,D,0.07,4,0.03,0.9,0.0,0.0,3.1,False,0.0,0.0,3.1,False,574,1762.0,1762.0
1849,オーガニック白ワインビネガー 250ml,B.ゆうき八百屋,B,0.21,4,0.1,3.1,0.0,0.0,0.9,False,0.0,0.0,0.9,False,574,517.0,517.0
7263,オーガニックマカロニ 300g,B.ゆうき八百屋,C,0.21,5,0.27,8.4,0.0,0.0,-3.4,True,0.0,0.0,-3.4,True,280,0.0,0.0
14476,有機ベビースムージー アップル・キャロット 90g,B.ゆうき八百屋,C,0.29,8,0.5,15.5,0.0,0.0,-7.5,True,0.0,0.0,-7.5,True,196,0.0,0.0
14475,有機ベビースムージー アップル・ストロベリー・バニラ 90g,B.ゆうき八百屋,C,0.43,6,0.93,28.8,0.0,0.0,-22.8,True,0.0,0.0,-22.8,True,196,0.0,0.0
14477,有機ベビースムージー アップル・オレンジ・バナナ 90g,B.ゆうき八百屋,C,0.36,9,0.53,16.4,0.0,0.0,-7.4,True,0.0,0.0,-7.4,True,196,0.0,0.0
15263,ビューティーバーゴールデンベリー 1本,B.ゆうき八百屋,B,0.57,6,0.1,3.1,0.0,0.0,2.9,False,0.6,2.2,5.1,False,224,650.0,1147.0
1134,玄米おかき いづも美人 100g,B.ゆうき八百屋,C,0.21,4,0.3,9.3,0.0,0.0,-5.3,True,0.0,0.0,-5.3,True,399,0.0,0.0
6403,王国のナンプラー 200ml,B.ゆうき八百屋,B,0.21,8,0.4,12.4,0.0,0.0,-4.4,True,0.0,0.0,-4.4,True,476,0.0,0.0
15236,有機ココナッツシュガー 230g,B.ゆうき八百屋,A,0.29,3,0.07,2.2,0.0,0.0,0.8,False,0.8,3.1,3.9,False,630,523.0,2463.0
15775,有機ココナッツロング 120g,B.ゆうき八百屋,C,0.14,7,0.1,3.1,0.0,0.0,3.9,False,0.0,0.0,3.9,False,420,1638.0,1638.0
9339709006739,有機ココナッツMCTオイル 280g,B.ゆうき八百屋,A,0.14,2,0.03,0.9,0.0,0.0,1.1,False,0.0,0.0,1.1,False,1820,1947.0,1947.0
9352218002585,天の紅茶 40g,B.ゆうき八百屋,E,0.07,4,0.03,0.9,0.0,0.0,3.1,False,0.0,0.0,3.1,False,350,1074.0,1074.0
8517,オーガニックルイボス茶ペット 500ml,B.ゆうき八百屋,A,2.86,36,2.2,68.2,0.0,0.0,-32.2,True,1.2,4.7,-27.5,True,105,0.0,0.0
7888,ジンジャールイボスティー 2g×15,B.ゆうき八百屋,E,0.07,4,0.1,3.1,0.0,0.0,0.9,False,0.0,0.0,0.9,False,385,346.0,346.0
1401,ベビー用10ヶ月 ミックス野菜(有機) 100g,B.ゆうき八百屋,C,0.29,5,0.27,8.4,0.0,0.0,-3.4,True,0.0,0.0,-3.4,True,308,0.0,0.0
1275,平譯さんの畑から大豆 300g,B.ゆうき八百屋,D,0.14,11,0.2,6.2,0.0,0.0,4.8,False,0.0,0.0,4.8,False,315,1512.0,1512.0
1276,平譯さんの畑から小豆 300g,B.ゆうき八百屋,A,1.0,10,0.53,16.4,0.0,0.0,-6.4,True,3.0,12.0,5.6,False,448,0.0,2495.0
8893,ゆうき市場の洗双糖 1kg,B.ゆうき八百屋,A,0.64,14,0.9,27.9,0.0,0.0,-13.9,True,0.0,0.0,-13.9,True,420,0.0,0.0
15326,しらす鮭ほぐし(ビン) 70g,B.ゆうき八百屋,D,0.07,1,0.2,6.2,0.0,0.0,-5.2,True,0.0,0.0,-5.2,True,479,0.0,0.0
264,やさか麦味噌 500g,B.ゆうき八百屋,B,0.29,3,0.27,8.4,0.0,0.0,-5.4,True,0.3,1.3,-4.0,True,441,0.0,0.0
2015,有機 鷹の爪 5g,B.ゆうき八百屋,E,0.07,5,0.37,11.5,0.0,0.0,-6.5,True,0.0,0.0,-6.5,True,161,0.0,0.0
1124,飲むこんにゃくゼリー ぶどう 130g,B.ゆうき八百屋,A,1.64,18,1.17,36.3,0.0,0.0,-18.3,True,3.3,13.3,-5.0,True,120,0.0,0.0
13423,有機玄米甘酒すりタイプ 200g (自然栽培),B.ゆうき八百屋,D,0.07,3,0.1,3.1,0.0,0.0,-0.1,True,0.0,0.0,-0.1,True,441,0.0,0.0
13424,有機栽培の白米甘酒すりタイプ 200g,B.ゆうき八百屋,B,0.36,5,0.1,3.1,0.0,0.0,1.9,False,0.0,0.0,1.9,False,395,750.0,750.0
8925,車麩 厚切5枚入,B.ゆうき八百屋,E,0.07,4,0.2,6.2,0.0,0.0,-2.2,True,0.0,0.0,-2.2,True,406,0.0,0.0
10704,ナチュロンキッチンスポンジ(ナチュラル) 1個,B.ゆうき八百屋,B,1.0,13,0.73,22.6,0.0,0.0,-9.6,True,0.0,0.0,-9.6,True,140,0.0,0.0
239,有機 白みそ 400g (自然栽培),B.ゆうき八百屋,B,0.14,2,0.07,2.2,0.0,0.0,-0.2,True,0.0,0.0,-0.2,True,1218,0.0,0.0
11705,有機玄米小豆粥 200g,B.ゆうき八百屋,C,0.36,5,0.07,2.2,0.0,0.0,2.8,False,0.0,0.0,2.8,False,161,456.0,456.0
8906,オーガニック中濃ソース 200ml,B.ゆうき八百屋,E,0.07,7,0.0,0.0,0.0,0.0,7.0,False,0.0,0.0,7.0,False,290,2030.0,2030.0
10549,有機トマトケチャップ(ソフトチューブ) 500g,B.ゆうき八百屋,C,0.21,3,0.1,3.1,0.0,0.0,-0.1,True,0.0,0.0,-0.1,True,406,0.0,0.0
14868,オーガニックトマトソース 280g,B.ゆうき八百屋,E,0.07,4,0.03,0.9,0.0,0.0,3.1,False,0.0,0.0,3.1,False,322,989.0,989.0
9339709006746,よつ葉北海道十勝 チェダーチーズ 100g,B.ゆうき八百屋,C,0.21,3,0.0,0.0,0.0,0.0,3.0,False,0.0,0.0,3.0,False,280,840.0,840.0
9339709006745,よつ葉北海道十勝 ゴーダチーズ 100g,B.ゆうき八百屋,C,0.21,4,0.0,0.0,0.0,0.0,4.0,False,0.0,0.0,4.0,False,290,1160.0,1160.0
9339709006744,よつ葉北海道十勝 スライスチェダー 100g,B.ゆうき八百屋,B,0.36,4,0.0,0.0,0.0,0.0,4.0,False,0.1,0.6,4.6,False,346,1384.0,1578.0
14313,有機しょうゆ 720ml,B.ゆうき八百屋,A,0.29,3,0.4,12.4,0.0,0.0,-9.4,True,0.8,3.1,-6.3,True,840,0.0,0.0
14294,お料理おから　200g,B.ゆうき八百屋,E,0.14,4,0.03,0.9,0.0,0.0,3.1,False,0.0,0.0,3.1,False,175,537.0,537.0
2003,純米富士酢 900ml,B.ゆうき八百屋,A,0.21,3,0.03,0.9,0.0,0.0,2.1,False,0.0,0.0,2.1,False,840,1739.0,1739.0
2000,富士ゆずぽん酢 360ml,B.ゆうき八百屋,D,0.07,3,0.03,0.9,0.0,0.0,2.1,False,0.0,0.0,2.1,False,630,1304.0,1304.0
2004,富士すし酢 360ml,B.ゆうき八百屋,D,0.07,4,0.07,2.2,0.0,0.0,1.8,False,0.0,0.0,1.8,False,490,897.0,897.0
14894,国産特別栽培紅玉ねり梅チューブ 100g,B.ゆうき八百屋,B,0.21,4,0.1,3.1,0.0,0.0,0.9,False,0.0,0.0,0.9,False,483,435.0,435.0
12784,国産有機 旨しぼり醤油 1000ml,B.ゆうき八百屋,A,0.14,3,0.07,2.2,0.0,0.0,0.8,False,0.0,0.0,0.8,False,1379,1145.0,1145.0
460,ホームメイド・ケフィア 1g×10,B.ゆうき八百屋,C,0.07,5,0.17,5.3,0.0,0.0,-0.3,True,0.0,0.0,-0.3,True,1024,0.0,0.0
1943,マスコバド糖 500g,B.ゆうき八百屋,E,0.07,6,0.1,3.1,0.0,0.0,2.9,False,0.0,0.0,2.9,False,413,1198.0,1198.0
15249,インスタントコーヒーカフェインレス 75g,B.ゆうき八百屋,C,0.07,3,0.0,0.0,0.0,0.0,3.0,False,0.0,0.0,3.0,False,1228,3684.0,3684.0
12683,ミニげんこつ焼 81g,B.ゆうき八百屋,D,0.14,4,0.2,6.2,0.0,0.0,-2.2,True,0.0,0.0,-2.2,True,385,0.0,0.0
9352218004008,龍馬 POWER SODA 500ml,B.ゆうき八百屋,A,3.0,36,0.0,0.0,0.0,0.0,36.0,False,3.0,12.0,48.0,False,104,3744.0,4992.0
1746,ジェノベーゼソース 95g,B.ゆうき八百屋,D,0.07,3,0.07,2.2,0.0,0.0,0.8,False,0.0,0.0,0.8,False,595,494.0,494.0
15267,粟国の塩飴 72g,B.ゆうき八百屋,D,0.14,3,0.1,3.1,0.0,0.0,-0.1,True,0.0,0.0,-0.1,True,243,0.0,0.0
1123,ミニカップゼリー(りんご) 22g×12,B.ゆうき八百屋,D,0.14,2,0.27,8.4,0.0,0.0,-6.4,True,0.0,0.0,-6.4,True,266,0.0,0.0
1125,飲むこんにゃくゼリー りんご 130g,B.ゆうき八百屋,A,1.36,14,1.3,40.3,0.0,0.0,-26.3,True,3.7,14.7,-11.6,True,120,0.0,0.0
8150,オラッチェクリームシチュー 115g×2,B.ゆうき八百屋,B,0.21,3,0.0,0.0,0.0,0.0,3.0,False,0.0,0.0,3.0,False,476,1428.0,1428.0
11786,もろこし畑(クリーム・つぶ入り) 190ｇ,B.ゆうき八百屋,E,0.07,8,0.07,2.2,0.0,0.0,5.8,False,0.0,0.0,5.8,False,185,1079.0,1079.0
1122,ミニカップゼリー(ぶどう) 22g×12,B.ゆうき八百屋,C,0.29,4,0.23,7.1,0.0,0.0,-3.1,True,0.0,0.0,-3.1,True,266,0.0,0.0
9352218002145,オラッチェお子様カレールウ 115g×2,B.ゆうき八百屋,B,0.21,7,0.0,0.0,0.0,0.0,7.0,False,0.0,0.0,7.0,False,518,3626.0,3626.0
9352218002144,オラッチェカレールウ(中辛) 115g×2,B.ゆうき八百屋,A,0.43,5,0.0,0.0,0.0,0.0,5.0,False,0.6,2.4,7.4,False,518,2590.0,3812.0
9352218002143,オラッチェカレールウ(辛口)115g×2,B.ゆうき八百屋,D,0.07,6,0.0,0.0,0.0,0.0,6.0,False,0.0,0.0,6.0,False,518,3108.0,3108.0
1366,ピスタチオ 70g,B.ゆうき八百屋,C,0.14,5,0.1,3.1,0.0,0.0,1.9,False,0.0,0.0,1.9,False,448,851.0,851.0
11438,出雲国のべにふうき紅茶 リーフ 50g,B.ゆうき八百屋,E,0.07,4,0.03,0.9,0.0,0.0,3.1,False,0.0,0.0,3.1,False,399,1225.0,1225.0
13713,よくばりナッツ(ミックスナッツ) 80g,B.ゆうき八百屋,D,0.07,3,0.13,4.0,0.0,0.0,-1.0,True,0.0,0.0,-1.0,True,448,0.0,0.0
9352218004655,カレーの壺 スパイシー 200g,B.ゆうき八百屋,E,0.07,5,0.0,0.0,0.0,0.0,5.0,False,0.0,0.0,5.0,False,455,2275.0,2275.0
2979,有機中濃ソース 250ml,B.ゆうき八百屋,D,0.14,5,0.07,2.2,0.0,0.0,2.8,False,0.0,0.0,2.8,False,308,872.0,872.0
7257,オーガニックスポーツドリンク 280ml,B.ゆうき八百屋,C,0.64,10,0.0,0.0,0.0,0.0,10.0,False,0.0,0.0,10.0,False,126,1260.0,1260.0
8513,有機フルーティーMixジュースプラス野菜 195g,B.ゆうき八百屋,D,0.36,6,0.0,0.0,0.0,0.0,6.0,False,0.0,0.0,6.0,False,129,774.0,774.0
9352218003360,光 オーガニックレモンスカッシュ250ml,B.ゆうき八百屋,B,1.07,26,0.0,0.0,0.0,0.0,26.0,False,0.0,0.0,26.0,False,105,2730.0,2730.0
9352218005935,国産有機むぎ茶 ボトル缶 275g,B.ゆうき八百屋,C,0.79,32,0.0,0.0,0.0,0.0,32.0,False,0.0,0.0,32.0,False,105,3360.0,3360.0
11058,焼肉のたれ 350g,B.ゆうき八百屋,C,0.14,9,0.13,4.0,0.0,0.0,5.0,False,0.0,0.0,5.0,False,469,2331.0,2331.0
1607,有機青椒肉絲の素 100g,B.ゆうき八百屋,D,0.21,4,0.13,4.0,0.0,0.0,-0.0,True,0.0,0.0,-0.0,True,182,0.0,0.0
7337,有機麻婆の素 100g,B.ゆうき八百屋,C,0.29,7,0.0,0.0,0.0,0.0,7.0,False,0.0,0.0,7.0,False,182,1274.0,1274.0
1877,オーガニックレモン果汁 180ml,B.ゆうき八百屋,A,0.5,5,0.37,11.5,0.0,0.0,-6.5,True,1.5,6.0,-0.5,True,364,0.0,0.0
7611,オーガニックレモン果汁 300ml,B.ゆうき八百屋,D,0.07,4,0.0,0.0,0.0,0.0,4.0,False,0.0,0.0,4.0,False,511,2044.0,2044.0
1203,黒糖かすてら 7個入り,B.ゆうき八百屋,B,0.5,7,0.27,8.4,0.0,0.0,-1.4,True,0.0,0.0,-1.4,True,329,0.0,0.0
8913,ホットケーキミックス(無糖) 400g,B.ゆうき八百屋,D,0.14,6,0.0,0.0,0.0,0.0,6.0,False,0.0,0.0,6.0,False,294,1764.0,1764.0
2181,お好み焼き粉 400g,B.ゆうき八百屋,D,0.14,3,0.13,4.0,0.0,0.0,-1.0,True,0.0,0.0,-1.0,True,364,0.0,0.0
10720,ソフトな塩せん 2枚×8,B.ゆうき八百屋,D,0.21,5,0.6,18.6,0.0,0.0,-13.6,True,0.0,0.0,-13.6,True,182,0.0,0.0
8680,国産やさいのボーロ(小袋) 15g×4,B.ゆうき八百屋,D,0.21,5,0.0,0.0,0.0,0.0,5.0,False,0.0,0.0,5.0,False,230,1150.0,1150.0
2005,富士玄米黒酢 500ml,B.ゆうき八百屋,C,0.07,5,0.07,2.2,0.0,0.0,2.8,False,0.0,0.0,2.8,False,1330,3764.0,3764.0
2006,富士ピクル酢 360ml,B.ゆうき八百屋,D,0.07,4,0.03,0.9,0.0,0.0,3.1,False,0.0,0.0,3.1,False,490,1504.0,1504.0
9352218002367,豆乳で元気 125ml,B.ゆうき八百屋,B,1.14,21,0.0,0.0,0.0,0.0,21.0,False,0.0,0.0,21.0,False,127,2667.0,2667.0
10680,kidsこどもはみがきストロベリー 60g,B.ゆうき八百屋,C,0.21,5,0.13,4.0,0.0,0.0,1.0,False,0.0,0.0,1.0,False,258,250.0,250.0
9352218003289,江戸前生のり佃煮 (ビン) 80g,B.ゆうき八百屋,D,0.14,4,0.0,0.0,0.0,0.0,4.0,False,0.0,0.0,4.0,False,364,1456.0,1456.0
11712,国産味付メンマ 90g,B.ゆうき八百屋,C,0.21,7,0.13,4.0,0.0,0.0,3.0,False,0.0,0.0,3.0,False,374,1111.0,1111.0
8919,おつゆの友(ふしそうめん) 100g,B.ゆうき八百屋,E,0.07,4,0.0,0.0,0.0,0.0,4.0,False,0.0,0.0,4.0,False,140,560.0,560.0
1986,三河しろたまり 300ml,B.ゆうき八百屋,D,0.07,7,0.0,0.0,0.0,0.0,7.0,False,0.0,0.0,7.0,False,560,3920.0,3920.0
13408,三河 しろだし 400ml,B.ゆうき八百屋,A,0.21,7,0.3,9.3,0.0,0.0,-2.3,True,0.0,0.0,-2.3,True,910,0.0,0.0
9352218001744,岩井の純正胡麻油 濃口 140g,B.ゆうき八百屋,E,0.07,6,0.0,0.0,0.0,0.0,6.0,False,0.0,0.0,6.0,False,383,2298.0,2298.0
9352218001742,金岩井純正胡麻油 金口 330g,B.ゆうき八百屋,B,0.21,3,0.0,0.0,0.0,0.0,3.0,False,0.0,0.0,3.0,False,705,2115.0,2115.0
2161,純正ラーメン (5食入) 98g×5,B.ゆうき八百屋,D,0.07,1,0.3,9.3,0.0,0.0,-8.3,True,0.0,0.0,-8.3,True,588,0.0,0.0
12975,召しませ日本 島醤油煎餅 80g,B.ゆうき八百屋,C,0.29,6,0.5,15.5,0.0,0.0,-9.5,True,0.0,0.0,-9.5,True,231,0.0,0.0
1871,味の母(醗酵調味料) 300ml,B.ゆうき八百屋,D,0.14,2,0.13,4.0,0.0,0.0,-2.0,True,0.0,0.0,-2.0,True,385,0.0,0.0
1143,五穀せんべい 100g,B.ゆうき八百屋,C,0.21,3,0.33,10.2,0.0,0.0,-7.2,True,0.0,0.0,-7.2,True,266,0.0,0.0
15628,みちのく 小丸せんべい ごま110g,B.ゆうき八百屋,E,0.07,4,0.43,13.3,0.0,0.0,-9.3,True,0.0,0.0,-9.3,True,283,0.0,0.0
10636,おたまはん関東風(卵かけご飯醤油) 150ml,B.ゆうき八百屋,D,0.21,4,0.1,3.1,0.0,0.0,0.9,False,0.0,0.0,0.9,False,245,220.0,220.0
14789,はちみつしょうがのど飴 40g,B.ゆうき八百屋,E,0.07,1,0.37,11.5,0.0,0.0,-10.5,True,0.0,0.0,-10.5,True,280,0.0,0.0
2037,鮭ふりかけ 40g,B.ゆうき八百屋,C,0.14,7,0.2,6.2,0.0,0.0,0.8,False,0.0,0.0,0.8,False,630,504.0,504.0
9352218004128,うま藻 だし醤油 50ml,AlgaleX,B,0.43,2,0.1,3.1,2.3,9.2,8.1,False,2.9,11.8,10.7,False,420,3402.0,4486.0
9352218004127,うま藻 1gx10P,AlgaleX,B,0.14,10,0.17,5.3,0.0,0.0,4.7,False,0.0,0.0,4.7,False,1050,4966.0,4966.0
9352218004125,うま藻 1gx1P,AlgaleX,E,0.14,10,0.0,0.0,0.0,0.0,10.0,False,0.0,0.0,10.0,False,140,1400.0,1400.0
9352218004131,うま藻 醤油麹 150ml,AlgaleX,B,0.21,16,0.5,15.5,0.0,0.0,0.5,False,0.0,0.0,0.5,False,665,332.0,332.0
9352218004129,うま藻 だし醤油 100ml,AlgaleX,A,0.36,25,0.23,7.1,0.0,0.0,17.9,False,0.0,0.0,17.9,False,665,11884.0,11884.0
9352218001969,柿ベースエナジーバー (ミックスベリー) 45g,Wholesum Japan,E,0.07,22,0.2,6.2,0.0,0.0,15.8,False,0.0,0.0,15.8,False,211,3334.0,3334.0
9352218001968,柿ベースエナジーバー (シーソルトチョコレート) 45g,Wholesum Japan,C,0.36,23,0.13,4.0,0.0,0.0,19.0,False,0.0,0.0,19.0,False,211,4003.0,4003.0
9352218004140,プラントベースプロテインバー トロピカルココナッツ 1個,Wholesum Japan,C,0.29,26,0.23,7.1,0.0,0.0,18.9,False,0.0,0.0,18.9,False,228,4302.0,4302.0
9352218004141,プラントベースプロテインバー モカカカオ 1個,Wholesum Japan,B,0.43,20,0.3,9.3,0.0,0.0,10.7,False,0.0,0.0,10.7,False,228,2440.0,2440.0
9352218004142,プラントベースプロテインバー バナナチョコチップ 1個,Wholesum Japan,D,0.14,15,0.23,7.1,0.0,0.0,7.9,False,0.0,0.0,7.9,False,228,1794.0,1794.0
